record_id,filename,reference_ocr
0,image_000000.jpg,"ACCOUNTS PAYABLE VOUCHER
RJRT Form 57 - WML 6/17/94
DATE
AMOUNT OF CHECK
November 30, 1994
$421,000.00
VENDOR NUMBER/ACCOUNT NUMBER
CHECK TO BE DATED
December 1, 1994
ISSUE CHECK TO.
Weis Markets
1000 S. 2nd Street
Sunbury Pa. 17801
EXPLANATION
Extend current merchandising and private label agreement from 9/30/95 until 6/30/97.
SPECIAL PAYMENT INFORMATION TO APPEAR ON CHECK STUB
MAIL TO - OTHER THAN PAYEE (NAME AND ADDRESS)
C.E. Moser
Div #1742
CALL FOR CHECK PICK-UP NAME
EXT.
RELATED AR/AC/CA/CONTRACT NO.
G/L CODE
OTHER REQ. CODE
AMOUNT
04-74-1700-8915-816
421,000.00
52441 2984
APPROVAL AUTHORITY
REQUESTOR SIGNATURE
EXT.
G.T. Baroody
M.L. Buckler
1625"
1,image_000001.jpg,"INBIFO Institut für biologische Forschung GmbH
iSIFO
Vertragsforschung
Kaufmännische Abteilung
Telefon: (0 22 03) 3 99 13
Telex: 08 874 675 inbid
INBIFO Institut für biologische Forschung D-5 Köln 90 Fuggerstraße 3
Dresdner Bank AG Köln
Kto. 3 922 741 (BLZ 370 800 40)
Stadtsparkasse Köln
Fabriques de Tabac Réunies S.A.
30 122 154 (BLZ 370 501 98)
Postscheck Köln
Kło. 1320 82-504 (BLZ 370 100 50)
CH-2003 Neuchatel-Serrières
Ihr Zeichen
Ihr Schreiben
Unser Zeichen
BA:RA
Ref. No.
A 0500/1049
Köln
30. Juni 1975
Rechnung Nr. 75052
16. Teilrechnung
Betr .: First skin painting, mouse
Für die im Monat Juni 1975
geleisteten Untersuchungsarbeiten
berechnen wir a conto
DM
31,496 .--
INBI FO
Institut für biologische
Forschung GmbH
2501374082
-07-18
Man Rm
Sitz der Gesellschaft: Köln HA 8 357
Geschäftsführer: Dr. med. Ulrich Hackenberg"
2,image_000002.jpg,"*
PLEASE REFER TO OUR INVOICE
5
MICROBIOLOGICAL
5221 RIVER ROAD
NUMBER ON ALL PAYMENTS AND
CORRESPONDENCE
ASSOCIATES
BETHESDA, MARYLAND 20816
2
TELEPHONE: (301) 654-3400
A Subsidiary of
TELEX 90-8793
Daryl Lovimves Ine
SOLD TO
SHIPPED TO
LORILLARD RESEARCH CENTER
3567003
ATTN: DR. J. DAN HECK
P.O. BOX 21688, MIGL45432D
420 ENGLISH STREET
GREENSBORO, NC
27420
Mo. Da/Yr.
PAYMENT TERMS . NET 30 DAYS
INVOICE DATE
070386
PACKING SLIP NO F . ORDER NO.
Mo. IDa! Yr.
Mo. Da. Yr.
032 07 0001
343B
8 355078
UNIT PRICE
F& AMOUNT
1
EA
80-116
80-116
HEPATIC ENZYME : INDUCTION STUDY
STUDY
2500.00
2500.00
2500.00
2500.00
I5078.401 : INDUCTION OF HEPATIC ENZYMES IN RATS BY
B70
I5080.401: INDUCTION OF HEPATIC ENZYMES IN RATS
BY B66
FINAL BILLING
H.g Minnemeyer OK
7-23-861
Dept. 8700
Acct: 4111
NET AMOUNT
FREIGHT CHARGES
HATE
TAX
AMOUNT
TOTAL AMOUNT.DU
5000.00
.00
.00
.00
5000.00
89001156
FORM-700-600-10/85
ORIGINAL INVOICE
(REMIT IN U.S. CURRENCY ONLY)"
3,image_000003.jpg,"HAZLETON
REISSUE
LABORATORIES AMERICA, INC.
INVOICE
5510 NICHOLSON LANE, SUITE 400, KENSINGTON, MARYLAND 20095
PLEASE SEND PAYMENT TO:
INVOICE NO .: 812516
HAZLETON LABORATORIES AMERICA, INC.
USE THIS NUMBER
PO BOX 25065
FOR CHECK REMITTANCE
RICHMOND, VA
23260
USA
AND CORRESPONDENCE
BILLED TO:
DATE :
02-06-89
DR. J. D. HECK
LORILLARD RESEARCH CENTER
420 ENGLISH STREET
P.O. BOX 21688
GREENSBORO, NC 27420
SPONSOR REFERENCE : :selected:
IDENTIFICATION :
PURCHASE ORDER NO. 344A
HLA REFERENCE :
PROJECT AUTHORIZATION NO. :
1480
COST CENTER :
6130
PROJECT NUMBER :
20988
SERVICES RENDERED:
AMES SALMONELLA/MICROSOME REVERSE MUTATION ASSAY
IN TRIPLICATE
HLA REFERENCE
FINAL REPORT
NUMBER
TEST MATERIAL
MAILED
VALUE
10532 0 401
A105 BF7-142-3 BF9-135-2
11-08-88
1,300.00
10534 0 401
A167 OR117-89
11-15-88
1,300.00
TOTAL AMOUNT DUE UPON RECEIPT : :selected:
$2,600.00
OK-Ag Minnenyer
2-10-89
87147782
Dept. 8700
Acct. 4111
GENETICS AND IN VITRO TOXICOLOGY DEPARTMENT (301) 230-0001"
4,image_000004.jpg,"NEWSPAPER
NAMC
3/12/86
NEWSPAPER
NAMC
ISSUE
ISSUE
3/12/86
NO C.D
=
MIS. J
.. #
AGEND
TRICE
2
CHIO
143980
BRAND
TRU
FISKEDATE
31 87
DIV. NO.
143980
KWV. D'E
24-0531
AVO
874.65
1/31/87
ACUH
ENEDIT
CREDIT
174.93
of
CATE PAID
2/20/87
2759
DATE NO
2/20/87
CHECK #
IM,
CHIC
2759
$
69972
2/20/87
LANDON ASSOCIATES, INC.
INVOICE / STATEMENT DATE
1/31/87
ACCOUNTING OFFICE
LORILL AND
INVOICE / STATEMENT NUMBER
143980
3-NEWBURY, STREET
865 FIFTH AVE
BOSTON, MASS. 02116
AGENCY NUMBER 10604UPAGE NUMBER
TEL 617.266-21-41
HEK TORE+ NT
Toxuy
RSF
12. 01
sec'è in 2/19/87
PROOLKY
MWAR
5
104
MIT DES
Dient
AUDIT NUMBER
RT PATO
KS
1130
660999402
LOS6
REMAINS QUE
2525
2525
2625
2625
00
102700
WHO
00
658380404
0946
ESTIS
503320406
00
2
1154
91516802"
5,image_000005.jpg,"INVOICE DATE
INVOICE NUMBER
Newsweek
1-13-86
31.10
INCORPORATED
SHORTRATE
TÉRMS
TEN DAYS
444 MADISON AVENUE
INVOICE
PLEASE RETURN COPY OF THIS
NEW YORK, N.Y. 10022
INVOICE WITH YOUR REMITTANCE
(212) 350-4153
Attn: Accounts Receivables
Locus-Paillard-True
3695004
ACCOUNT
Paillard Media Services
9442
AGENCY
national
REGION #
001
REGION:
SALES NUMBERS
026/ 026
ISSUE
BILLED AT
SHOULD BE
DATE
SPACE
12,5% RATE
870 RATE
DIFFERENCE
2-18-85
IBC4C
$8,890.00
93,465.00
4,575.00
News
MAGAZINE
ZAND
tru
ISSUE
2-18
day
126
5W LD
2-18-85
MY 0.1E
1-13-86
3810,97
1/22/86
DATE
1-27-86
001/89
91544549
CHECK :unselected:
BOOKS ONLY
GROSS AMOUNT
4,575.00 :unselected:
BOOK CORRECTION
AGENCY COMMISSION 15%
686.25 :selected:
NOTICE TO AGENCY
NET AMOUNT
3,888.75
Changed to reflect
1. armadas/ VP. 77.78
PURPOSE:
APPROVED:
8% DOD
2%
DATE
1-13-86
CAL = 1-21-85
3,810.97
AGENCY"
6,image_000006.jpg,"UNIVERSITY OF CALIFORNIA, DAVIS
Accounting Office
Please include the
Extramural Accounting
following claim number
Contractor's Invoice
on your remittance advice
Claim No. X85843
INVOICE TO
Dr. Bruce D. Davies
Invoice Number:
59280-1
Philip Morris U.S.A.
Date:
October 22, 2001
4201 Commerce Road
Revised Invoice:
November 13, 2001
Richmond, VA 23234
Amount:
$49,710.15
Questions regarding this invoice should be directed to Evelyn Montoya @ 530-757-8527 or emmontoya@ucdavis.edu
Federal Employee ID # 94-6036494W
Period Billed
Contract/Grant/Agreement/Purchase Order # #3314
From
D
07/01/01
09/30/01
Project Title:
Brain Microvessel Cation-Chloride Cotransport in Cerebral Ischemia
PI /Director:
Martha E. O'Donnell
Department:
Med Human Physiology
Description of Services
R
ECEIVE
D
Wrong
€
NOV 26 2000
august
chipticale
Amount due per agreement
$49,710.15
Please Return Invoice Copy with Check
PAY THIS AMOUNT>>>>>
$49,710.15
Remarks:
Outstanding Invoices:
Kathleen Stars
2085534883
Certified by:
Kathleen Hass, Extramural Funds Manager
Mako Chuck Payabla and Mail To:
The Regents of The University of Calllomia
I hereby certify that all expenditures reported (or payments requested) are for appropriate
Cashier's Offico
purposes and in accordance with the agreements set forth In the application and award
One Shields Avenda
documents.
Davis, Califomia 95a18"
7,image_000007.jpg,"Branham, INC.
3
INVOICE
733 THIRD AVENUE, NEW YORK, N.Y. 10017
LOF'S MEPRORATION
E800896
(212) 490-1200
ACCOUN : : .. . XELE NOMINDL
1988 JUN -8 AM 11: 14
23
RECEIVED
6
JUN 1 0 RECD
2 LOEWS / LORILLARD
ONE PARK AVE.
17TH FL.
NEW YORK, NY.
10016
1
FOR ADVERTISING IN: MUNCIE, IN. STAR-PRESS
5
MONTH OF:
MAY 1988
14
PRODUCT/SERVICE CODE:
10
DATE |15 COLUMN X DEPTH
9 ADVERTISER/PRODUCT
GROSS
TOTAL AMOUNTS
E
CHARGES
18
GROSS
M
12
COLOR
S
17
TOTAL
13
DESCRIPTION
RATE
CHARGE
19
GROSS
20
NET
LORILLARD DIV.
HARLEY DAVIDSON CIGARETTES
1313
4 X 15.75
22.7500
150.00
1,583.25
1,345.76
63.00
NEWSPAPER
NASP
ISSUE
5-13-88
L
4,345.76
INSET
PMT. #
HAR
野
26.91-2%
1
BRAND
E800896
7,3/8.85
INV. NO.
91581812
INV. DATE
6-10-88
AMOUNT
1.318.85
dnes
PAID
CREDIT
DATE PAID
6-17-88
CHECK
008495
TOTAL COLUMN INCHES
21
TOTAL GROSS
22
TOTAL NET
28 MAKE ALL CHECKS
Branham , INC.
1,583.25
1,345.76
63.00
PAYABLE TO
733 THIRD AVENUE, NEW YORK, N.Y. 10017
{212) 490-1200
NET DUE
1,345.76
RETURN DUPLICATE WITH REMITTANCE :unselected: :unselected: :unselected: :unselected: :unselected: :unselected: :unselected: :unselected: :unselected: :unselected: :unselected: :unselected: :unselected: :unselected: :unselected: :unselected: :unselected: :unselected: :unselected: :unselected: :unselected: :unselected: :unselected: :unselected: :unselected: :unselected: :unselected: :unselected: :unselected: :unselected: :unselected: :unselected: :selected: :unselected: :selected: :selected: :selected:"
8,image_000008.jpg,"CREATIVE COMMUNICATIONS, spol. s r.o.
CAROLINA CIGARETTE COMPANY
One Park Avenue, New York
New York 10016-6895
attn .: Mr. Roland Hammer
PRO FORMA
FAKTURA Č .:
(daňový doklad)
vystavena dne:
9.1.1995
splatnost:
zakázka č .:
HDC - 100
datum plnění:
3/95
evid.č .: 4-
vyhotovil:
Marek Jakubovie
Hereby we invoice you production expenditures of:
HDC - 100 ""Bottle opener""
purchase of openers, printwork
60.000,- Kč
93413418
schválil:
Pavel Fischl
Základ daně:
60.000,- Kč
DPH 22%
UNICATIONE
Mezisoučet:
Záloha:
K úhradě
60.000,- Kč
PROKOPSKA 8/296, 118 00 PRAIA I. CZECH REPUBLIC, THU .: 02 /53 61 22, FAX: 02 / 53 50 74
BANKOVNÍ SPOJENÍ: ŽIVNOSTENSKÁ HANKA. NA PŘÍKOPÍ: 20 PRAHA L. & ĐỜI 28 40 79 004 eměrvý kód nanů"
9,image_000009.jpg,"15678
015678
10/26/94
******* 250.00
Two Hundred Fifty and no/100 US Dollars
REPRESENTATIVE ELVIN L.
A ruce
MARTINEZ CAMPAIGN CMTE.
⑈015678⑈ ⑆054000030⑆ 12⑉08219752⑈
11750
10/26/94
015678
€
MYONGFIAMMALINUX
NET AMOUNT
10/17/94 PL PC
$250.00
$250.00
TI1631-0298"
10,image_000010.jpg,"AUTHENTICOLOR .
227 East 45th.Street, New York, N.Y. 10017 Telephone [212) 867-7905
Invoice No. 50285
T
BILL TO
CHP TO
POTien I
Mc Cann Erickson Inc
485 .Lexington Avenue
RST.
New York, NY 10017.
CF.
Nancy Davan
20076
50285
CLIENT NAME
CUST. JOB NO.
CUST. P.O. NO.
ORDER DATE
7000RESUME
&M.
CUST. ACCT. NO.
RJReynolds
C7CF-0076
20044
07/20/97
60
11
07540
ITEM NO.
DESCRIPTION
PRICE
QUANTITY
TOTAL PRICE
(3) Camel Cigarettes - Camel Pack -
4.04.
Man w/ Cigarette - Farmer w/ Cap - Men
3
w/Drilling Pipe - Camel Poster
1420
8x10 Comp Prints
24.00
1
24.00
14 30
11x14 Comp Prints
28.00
1
28.00
1450
16x20 Comp Prints
42.00
?
34.00
1455
16x20 Additional Comp Prints
21.00
2
42.00
1460
20x24 Comp Prints
53.00
1
53.00
1465
20x24 Additional Comp Prints
30.00
5
150.00
4320
8x10 Custom Duplicate Transparencies
60.00
2
120.00
Sub-total
501.00
Sales Tax
20.04
07/27/97
Total'
521.04
9
:
51328 3003
Money Day"
11,image_000011.jpg,"CUSTOMER NO.
LEDGER
DIV.
VENDOR NO.
CREDIT DATE
1742100019
31
0310
0000039384
01/10/96
SOLD TO
SHIP TO
FOOD LION INC
FOOD LION INC
P O BOX 519
6500 ENTERPRISE DR
SALISBURY
NC28145
DISPUTANTA
VA23842
THIS IS NOT A CREDIT MEMO - CHECK ATTACHED
QUANTITY
( IN THOUSANDS )
BRAND NAME
AMOUNT
264
KT III KS
15,166.80
276
KT III 100
15,856.20
6
NPT STRP M
344.70
192
TRUE MEN K
11,030.40
264
TRUE FIL K
15,166.80
288
TRUE FIL 1
16,545.60
216
TRUE MEN 1
12,409.20
312
KENT 100
17,924.40
180
KENT GL KS
10,341.00
228
KENT GL 10
13,098.60
474
STYLE LT M
27,231.30
444
STYLE LT F
25,507.80
330
STYLE SL F
18,958.50
438
STYLE SL M
25,163.10
TOTALS-
3912
224,744.40
LORILLARD PLUS DISBURSEMENT IS
$1.30 OF TOTAL QUANTITY - THANK YOU
GROSS AMOUNT -
5,085.60
NET AMOUNT -
5,085.60
GROSS AMOUNT REFLECTS LIST PRICE AS OF PURCHASE DATE
96063501 :unselected:"
12,image_000012.jpg,"LS, INC. BILLING (Revised March 8, 1994)
(Page 1 of 2)
The Literature Retrieval Division continues to be funded on a market share basis according to estimates of domestic cigarette sales as
reported by John C. Maxwell, Jr. The percent allocations for 1994 are the final year end market shares for 1993. The Case Support
Division continues to be funded on a per capita basis.
LRD & CSD
Bimonthly
LRD
CSD
TOTAL
Percent
Amount
Bimonthly
Amount
Bimonthly
The American Tobacco Company
6.7
$
297,252
$
49,542
$
271,608
$
45,268
$
94,810
Brown & Williamson Tobacco Corporation
11.0
488,022
81,337
271,608
45,268
126,605
Liggett Group Inc.
2.4
106,476
17,746
271,608
45,268
63,014
Lorillard Tobacco Company
7.1
314,994
52,499
271,608
45,268
97,767
Philip Morris Incorporated
42.2
1,872,228
312,038
271,608
45,268
357,30
R.J. Reynolds Tobacco Company
30.6
1,357,584
226,264
271,608
45,268
271,532
100.0
$
4,436,556
$
739,426
$ 1,629,648
$
271,608
$ 1,011,034
2023227298"
13,image_000013.jpg,"BORRUSTON
LABORATORIES, INC.
Borriston Ulaboratories, Inc :.
51150 Brech Place
*
Temple Hills, Maryland 20748
* INVOICE *
Telephone 301-899-35.50
Telev. 248838
6 26, R-65, BIR, BIG.
February 1, 1984
B. I.S.
LORILLARD INC.
Ch Ng Munemayer
420: English Street
Greensboro, NC 27405
Den! 9592
Attention: Dr. Harry Minnemeyer :selected:
Arct 911:
REFERENCE:
Purchase Order No/ 152-D
BLI REF .:
211548
INVOICE NO .: 1548-1
DESCRIPTION
AMOUNT
14 Day Single Dose Toxicity Study in Rats with 9-26, B-65,
$ 12,300.00
B-105, B-118, B-163 and B-165 @$ 2,050.00/cpd
L
2 pay $2,050.00 for B-10
ОК Н. П. пкеткуса
5-7-84
Dept. 9590
Acct. 4111
REMITTANCE ADDRESS:
89001652
Borriston Laboratories, Inc.
DYNAMAC BUILDING
11140 Rockville Pike
Rockville, MD 20852
* INVOICE *
A Subsidiary of Dynamac International, Inc."
14,image_000014.jpg,"rect april 30,1927
RESEARCH TRIANGLE INSTITUTE
842
OFFICE OF ACCOUNTING
P.O. BOX 12194
RESEARCH TRIANGLE PARK, N.C. 27709
INVOICE
DATE: APRIL 27, 1987
TERMS: NET 15 DAYS
INV. NO .: 311T 3668-4A
TASK NO. :
LORILLARD RESEARCH CENTER
420 ENGLISH STREET
GREENSBORO, NORTH CAROLINA 27405
ATTN: DR. L. H. GAINS
FOR: INDENTIFICATION OF METABOLITES OF SYNTHETIC
COMPOUNDS. :selected:
CONTRACT NO. PO. NO. 364A
346A
PERIOD: MARCH 1987
AMOUNT DUE: $2+542-43 -**
LABOR
CURRENT
CUMULATIVE
SENIOR PROFESSIONAL
0.00 HRS. @ $106.73
$ 0.00
$853.84
MID-LEVEL . PROFESSIONAL
1.00 HRS. @ $60.78
$60.78
$2,887.05
PROFESSIONAL
0.00
HRS.
@ $34.66
$0.00
623.88
87149999
TOTAL
$60.78 :selected:
$4,364.77
TOTAL DUE
$60.78
3
1
PLEASE RETURN ONE COPY OF INVOICE WITH PAYMENT TO ASSURE
PROPER CREDIT.
OK H.f. Mi
malmeyer
5-1-87
Dept. 8700
Acct. 4111 :selected: :selected: :selected: :selected: :selected: :selected: :selected: :selected: :selected: :selected: :selected: :selected: :selected: :selected: :selected: :selected: :selected: :selected: :selected: :selected: :selected: :selected: :selected: :selected: :selected: :selected: :selected: :selected: :unselected: :selected: :unselected: :selected: :selected: :selected: :selected:"
15,image_000015.jpg,"DATE OF THIS NOTICE
PATENT NUMBER
FORM PO-1031
NOTIFICATION
U.S. DEPT. OF COMMERCE
(REV. 7-73)
BALANCE OF ISSUE FEE DUE
PATENT OFFICE
The total number of printed pages of specification in the enclosed patent exceeds the one page already
paid for in the Base Issue Fee. The balance due is
50
40
(minus $ 10 paid with Base Issue Fee) =$
Dockated-March. 14,1974
Due - June, 12, 1974 D
By -02
PAYMENT OF THIS BALANCE MUST BE MADE WITHIN THREE (3) MONTHS FROM THE DATE SHOWN ABOVE.
Failure to pay this balance within the time specified will result in lapse of the patent.
To expedite processing, please use the attached form PO-1031-C to transmit the fee. Where use of a Deposit
Account is being authorized, both parts C and D of this form should be transmitted.
RECEIVED
BRIEF profil Commissioner.
Howard
K. Kbtffel, Esq.
PAYMENT IS MADE AS FOLLOWS:
Watson Leavenworth & Kelton :unselected:
Charge $
to my
100 Park Avenue
Deposit Account Number
New York, New York 10017 :selected:
Check for $
40.
enclosed
#08859
SIGNATURE
B - YOUR FILE COPY
3-20-74
Howard K. Kothe
2026501853"
16,image_000016.jpg,"WASHTECH
Washington Technical
Information Group Inc.
John Rupp, Esq.
Covington & Burling
1201 Pennsylvania Ave., N.W.
9th Floor
Washington, DC 20044
INVOICE
For professional services rendered during January
$2,200.00
1989
NAME/TASK
HOURS
RATE
MYRON WEINBERG, Ph. D.
Management
2.60
$250.00
H. EDWARD DUNKELBERGER
Research
8.00
$65.00
Witness Activities
2.00
$65.00
SARA AGER
Research
7.50
$40.00
Support
3.00
$40.00
Witness Activities
12.00
$40.00
For reimbursable expenses
$768.72
Delivery
$16.25
Information Search & Retrieval
$456.97
Miscellaneous
$195.00
Travel
$12.50
Communications
$88.00
TOTAL INVOICE
$2,968.72
INVOICES ARE DUE WITHIN 15 DAYS OF RECEIPT.
PLEASE REFER TO INVOICE # 179
AND RETURN A COPY OF THIS INVOICE
WHEN MAKING PAYMENT.
WE APPRECIATE THIS OPPORTUNITY TO BE OF SERVICE.
680709444
2828 Pennsylvania Avenue, N.W., Suite 305 . Washington, D.C. 20007 . 202/333-8431 . Facsimile Number 202/965-4081"
17,image_000017.jpg,"LEO BURNETT U.S.A.
A DIVISION OF LEO BURNETT COMPANY, INC.
ADVERTISING
NEWSPAPER
ESTIMATE RECAP - PNO1
PERIOD
01/01/96 TO 12/31/96
DATE 04/11/97
PAGE
1
CLIENT: P.M. INC.
OFFICE: 10
EST NO: 6004 REVISES EST DTD 03/14/97
DESC: 703A MILITARY NEWSPAPERS
TOTALS BY PRODUCT/MONTH
EST AMT
EST AMT
PRODUCT
EST AMT
PERIOD
AMOUNT
CHANGE
LESS C/D
10-MARLBORO
FEB 1996
43,846.24
43,846.24
QUARTER 1
43,846.24
43,846.24
MAY
77,779.57
77.779.57
JUN
43,736.98
43,736.98
QUARTER 2
121,516.55
121,516.55
JUL
46,075.50
46,075.50
AUG
43,706.10
43,706.10
SEP
36,147.62
1,607.79-
36,147.62
QUARTER 3
125,929.22
1,607.79-
125,929.22
OCT
37,989.33
1,089.46
37,989.33
NOV
32.887,32
32,887.32
DEC
40,957.56
40,957.56
QUARTER 4
111,834.21
1,089.46
111,834.21
TOTAL
403,126.22
518.33-
403,126.22
10-MAR RACING
FEB 1996
800.25
800.25
GRAND TOTAL
FEB 1996
44,646.49
44,646.49
QUARTER 1
44,646.49
44,646.49
MAY
77,779.57
77,779.57
JUN
43,736.98
43,736.98
QUARTER 2
121,516.55
121,516.55
JUL
46,075.50
46,075.50
AUG
43,706.10
43,706.10
SEP
36,147.62
1,607.79-
36,147.62
QUARTER 3
125,929.22
1,607.79-
125,929.22
OCT
37,989.33
1,089.46
37,889.33
NOV
32,887.32
32,887.32
DEC
40,957.56
40,957.56
QUARTER 4
111,834.21
1,089.46
111,834.21
TOTAL
403,926.47
518.33-
403,926.47
2084021771
FORM M-01 REV 05-32"
18,image_000018.jpg,"1
5
# 22740
LEGGETT & LUSTIG RESEARCH, INC.
215 LEXINGTON AVENUE
N.Y., N. Y. 10016
(212) 725-1145.
Jule
N
V
February 29, 1980
Brown & Williamson Tobacco Corporation
1
1600 West Hill Street
C
Louisville, KY 40232
E
Attention: Ms. Pam Clarkson
LLR-126
RICH LIGHTS FROM VICEROY AD/PRODUCT TEST
Partial Bill :selected:
$27,000
ok, , PAC.
3/1/80
EL RTP
3-10-80
www
3-71-80.
3/14/10
Brand Operations -Established Brazada
MR D
595-10-2191
WAR V 7 1980
#1986-33 :selected:
RECEIVED
March 1980
/3
670269901"
19,image_000019.jpg,"RESEARCH TRIANGLE INSTITUTE
POST OFFICE BOX 12194
RESEARCH TRIANGLE PARK, NORTH CAROLINA 2770.
OK-988
/9/84
INVOICE
DATE: December 30, 1983
TERMS: 'Net
INV. NO. : 31T 2552-11A
TO:
Lorillard Research Center
Post Office Box 21688
Greensboro, N. C.
27420
ATTN: Dr. Harry Minnemeyer
Director, Research
REFERENCE : :selected:
P.O. No. 327B
OK
Ng. Hjemmemeyer
Agreement Dated 11/18/82
1-20-84
Dept. 9590
FOR:
Carbon-14 Syntheses
Technical Labor Hours @ $46.85/Hr.
Accl. 4111
PERIOD:
November 1, 1983 to November 30, 1983
TECHNICAL HOURS:
CURRENT
CUMULATIVE
HOURS
AMOUNT
HOURS
AMOUNT
165.50
$7,753.68
1,640.08
$76,837.77
AMOUNT DUE : :selected:
$7,753.68
00922280
PLEASE RETURN ONE COPY OF INVOICE WITH PAYMENT TO INSURE PROPER CREDIT"
20,image_000020.jpg,"TONG MEKNEN . . .. . .....
TM
......... CESIGY CONSULTINEJ
T/MINVOICE
To:
Mr. Mark Walchak
DATE: October 4, 1995
PHILIP MORRIS U.S.A.
Malk Wall
PM #: 5-2952
10/23/91
P.O. #: N84952
Invoice #
12562
Line#: 10
Job #
12717
BUDGET: $1500 - $1875
TO PRESENTATION
FOR CREATIVE AND/OR PRODUCTION PROFESSIONAL SERVICES RENDERED IN CONNECTION WITH
THE DESIGN DEVELOPMENT FOR:
Project AAA Master #1000 (N. Lund) Primary Packaging Reproduction Artwork Revision, Phase 14
PROFESSIONAL SERVICE FEE'
$990
OPC's (OUT OF POCKET COSTS)
$436
TOTAL AMOUNT DUE
$1,426
2041531340
Previous Billing History:
Invoice Date
Invoice #
Invoice Total
IF APPLICABLE, ADDITIONAL OPC's WILL BE BILLED AT A LATER DATE.
*PROFESSIONAL SERVICE FEE IS ROUNDED TO THE NEAREST DOLLAR.
TERMS: NET 15 DAYS FROM DATE OF INVOICE. PAST DUE ACCOUNTS SUBJECT TO 1.5% PER MONTH
SERVICE CHARGE.
TONG . MCKNEW INC
1000 SANSOME STREET / SUITE 350 / SAN FRANCISCO CA 44111 / TEL. 415 397 4630 . FAX #15 397 4680"
21,image_000021.jpg,"RJ Reynolds
Tobacco Company
910-741-5000
Winston-Salem, N.C. 27102
February 20, 1997
Beryl Roberts Burke Campaign Committee
P. O. Box 382137
Miami, FL 33138
Dear Representative Burke:
On behalf of R. J. Reynolds Tobacco Company, I am most pleased to enclose a
contribution to your campaign fund. This contribution is being made based on the
recommendation of RJR's Florida legislative counsel, Larry Williams, and is in
recognition of your willingness to consider legislative issues fairly and objectively.
Your support of our country's free-market system will continue to create job
opportunities for the citizens of Florida. These qualities, as well as your leadership
record, are the reasons it is a pleasure to give you our support.
Please accept our very best wishes for your continued success. We at RJR look forward
to working with you in the coming year.
Best Regards,
JMamigo
Joe Murray, III
Regional Director
State Government Relations
Enclosure
cc: Larry Williams
51561 6306
""We work for smokers."""
22,image_000022.jpg,"CUSTOMER NO.
LEOGER
DIV.
VFNOOR NO.
CREDIT DATE
1174700007
21
0216
0000038660
01/20/95
SOLD TO
SHIP TO
COLE CANDY & TOB CO INC
COLE CANDY & TOB CO INC
PO BOX 495
212 SHOEMAKER RD
POTTSTOWN
PA19464
POTTSTOWN
PA19464
THIS IS NOT A CREDIT NEHO - CHECK ATTACHED
QUANTITY
(IN THOUSANDS)
BRAND NAME
AMOUNT
15
KNTITI 100
839,25
132
KT ITE KS
7.385,40
96
KT III 100
5,371.20
168
NPT KS 25S
9,399.60
108
NPT 100 25
6,042.60
30
NAT STRP N
1.678,59
48
NPT STAP M
2.665,60
84
TRUE MEN K
4,699.80
276
TRUE FIL K
15,442.20
120
TRUE FIL 1
6,714.00
72
TRUE MAN 1
4,028.40
132
NPT LIGHTS
7.385,40
108
MAX FIL 12
6,042.60
66
MAX MEN 12
3,692.70
168
KENT 100
9,399.60
216
KENT KING
12,085.20
48
KENT BOX
2.685,60
108
KENT GL KS
6,042.60
72
KENT GL 10
4,078.40
54
STYLE LT 1
3,021.30
78
STYLE MNLT
4.364,10
192
NPT LT 100
10,742.40
72
STYLE LT H
4,028.40
48
STYLE LT F
2,685.60
TOTALS-
2511
140,490.45
LORILLARD PLUS DISBURSEMENT IS
$1. 30 OF TOTAL QUANTITY - THANK YOU
GROSS AMOUNT -
3,264.30
NET AMOUNT -
3,264.30
GROSS AMOUNT REFLECTS LIST PRICE AS OF PURCHASE DATE
95602332"
23,image_000023.jpg,"THE FACE OF THE DOCUMENT HAS A COLOHED BACKGROUND ON WHITE PAPER
PHILIP MORRIS U.S.A
62-20/311
325885
120 PARK AVENUE, NEW YORK, NY 10017-5592
10/12/95'
Citibank, Delaware :11 Penn's Way New Castle, DE: 19720
PAY
One Hundred Forty-Seven Thousand Seven Hundred Seventy-Four and 13/100ths Dollars
NETAMOUNT
F
To The""; NATIONAL MILLS INCI
Order Of 808 EAST JEFFERSON
$147-774-13
P.O. BOX GEHTML
PITTSBURGH; KS. 66762
John d Cchnuget
THE BACK OF THIS DOCUMENT CONTAINS AN ARTIFICIAL WATERMARK . HOLD AT AN ANGLE TO VIEW
000695210011
⑈325885⑈
⑆031100209⑆
38828508⑈
103627
PHILIP MORRIS U.S.A.
325885
VENDOR
VOUCHER
YOUR REFERENCE
NET AMOUNT
NUMBER
NUMBER
NUMBER
PAYABLE
330045
90437
147,774.13
TOTALS
.$147,774.13
2063880382
F
0
ES
3
Mil
S
g
川
?
S
Hd
$
S
PAC
?
3
WH
Hd
2.
3
3
$
09
PAL
2
Mí
4
8
S
₹
3
S
?"
24,image_000024.jpg,"ADVERTISING MEDIA ESTIMATE AND SCHEL _LE
Client:
BROWN & WILLIAMSON TOBACCO CORPORATION
PeriodaJANUARY-APRIL 1971
HALLMARK CIGARETTES
Compiled by: WR
Estimele No.
192-071-A (2nd Revise)
Date: April 22, 1971
BROWN & WILLIAMSON TOBACCO CORPORATION
HALLMARK CIGARETTES
TEST MARKETS - OUTDOOR ADVERTISING
JANUARY-APRIL 1971
MONTH
PITTSBURGH
NASHVILLE
TOTAL
January
$10,892.00
$ 6,173.50
$17,065.50 :selected:
February
10,892.00
6,173.50
17,065.50 :selected:
March
6,160.00
3,916,00
10,076.00 :selected:
April
6,160.00
1,912.50
8,072.50 3/81
$34.104.00
$18,175.50
$52.279.50
Approval of thisestimate to be indicated by signing and
retumine the duplicune copy.
Katri quoted ure codingesl upos acceptance by medis,
and are subject to change by medis without toikr.
Color pages are non-cancellabile.
Accepted
Date
Advertiseri Must use aprzegate spett. ties. ttc, con-
tracted for fa justified by emimales) of pir alicoupent
cales when denandel by novdie
Cash diactunn allowed coly a paid wubin discount period.
KENYON & ECKHARDT ADVERTISING, INC.
NOTICE IF TEL ILM IMAGE IS LESS CLEAR
77709 8 2 2 9
THAN THES XPESCE. IT IS DUE TO THE
16: ATICS MAC DOUFALKE BEING FILMESD."
25,image_000025.jpg,"607103
HAZLETON
LABORATORIES AMERICA, INC.
TELEPHONE
(703) 893-5400
8200 LEESBURG TURNPIKE, VIENNA. VA 22180. U S.A
INVOICE
To:
Lorillard Research Center
P.O. Box 21688
Greensboro, NC
27420
Attn: Dr. Daniel J. Heck
L
Invoice Date
January 28, 1986
Payment Terms:
Net 30 days
Charges
(Putt 311)
Thru Period
Project
699-633/642-304
Ending
Description
Charges
This Period
Total
14-Day Single Dose Subacute Toxicity
Test Material:
A184
Final Report Mailed: 1/24/86
Total Amount Due:
$2,250.00
$2,250.00
Af manager de
02-11086
Dept. 8700
Acct. 4111
87104211
Remit to: P.O. Box 25065, Richmond, Va. 23260 :unselected: :unselected:"
26,image_000026.jpg,"929-5275
Adams Letter Co., Inc.
55 VANDAM STREET
NEW YORK, N. Y. 10013
DATE
AUGUST 9, 1982
INVOICE NO.
5035
TO:
LEONARD ZAHN & ASSOCIATES, INC.
13 LINCOLN ROAD
YOUR ORDER NO.
GREAT NECK, NY
11021
ROUTE
TERMS:
NET
MAILING CTR ANNUAL REPORT 1981
769 COPIES MAILED
ENVELOPES ADDRESSED, BOOK INSERTED WITH RELEASE, (HEAD OUT)
AND MAILED TO Z-1 THRU 7 AND CTR-1, 2, 4, 5,6 AND 7.
ALL ENVELOPES HAND SEALED, MAILED FIRST CLASS.
$322.00
2,427-8/19/82
TAX ON NY PART (19.60)
1.62
POSTAGE
952.04
$1,275.66
DELETE: LOUGEE, JUDGE, GOLDSMITH, ROEMER, BANTLE, MANNING.
MAIL REPORT ONLY -- NO RELEASE
DELETE ALL EXCEPT: AHRENSFELD, CHAPIN, COHN, DECKER.
DELETE: LOUGEE, HUGHES, WYATT, CAMPBELL, JUDGE, SPEARS, STEVENS,
BOWLING, WHIST, DURDEN, SUSTANNA, DUFFIN, TUCKER, KLOEPFER
BANTLE.
DELETE ALL EXCEPT: CAHNMAN, FAGAN, KASTENBAUM, MEBANE, PANZER,
SCHAFER.
MAILED TO LEO ZAHN
25 RELEASES
1
POSTAGE
762 @ 1.22= 929.64
6 @ 2.60=
15.60
2 @ 3.40=
6.80
E
$952.04"
27,image_000027.jpg,"-wir'T MAIL
REGISTER .
à
:1
Gelder Museosan 484 - 8-2030 LEUVEN - TEL'(016) 28.16.11 - Fax (016) 28. 18 61 - Teler Vil 22352 - H.A. Leuven 6172 - BTW 403.593.343
ERD AAN
38372.
f
Destelling afgewerkt door onze afdaling R.P.L. (LEUNUTUL
DATE - IN.
0 2. OKT. 1380
DEFAKTUREEKD AAN
SPRL DKC CONTRACT RESEARCH CENTER
. BTW NR 435085085
. FAKTUUR
2
TOLLAAN 101C
30 dagen einde maand.
1940 SLIJ-STEVENG-MOLLME
3
r.
Omschrijving
Cand. Aantal Belev& Prijs/stk
Kortingen
Netto bedrag
BTW
sulle 90267 272 Verrendimosmeta 1 5675 vas 24/09/90 Ref .: TEL BEST DO 24/09 - L. CILLEN
70 STOP KU88. 22/24X30MM GR./BLAUW 6
2
99
198
19
KOSTEN
200
19
5
₹
$
8
2028718826
0:004911:15 Km 431:0021211:38 - AL 330-0007044-17 - PR. 000.0007782-02
OSX VTU
2 IN
Loved
Dati 23/09490
Baf.
38372 /72180
in.STV
SEX DTV
ATE BETALEN
398 19% VTV
762
W
F
e :selected: :selected: :selected: :selected: :selected: :selected: :selected: :selected:"
28,image_000028.jpg,"hp
HEWLETT
FACTURE / FAKTUUR
PACKARD
DATE - IN
1 1. APR. 1931
ORIGINAL / ORIGINEEL
HEWLETT-PACKARD BELGIUM S.A./N.V.
Page / Blz !
1 / 1
Beslevard de la Woluwe 100 Woluwedal
1300 Bruxelles - Bramsel
FreTurition / Fakturatie
Tel. : 02/761 01 14 [30 1.]
CRC - CONTRACT RESEARCH CENTER BVBA
Telar : 23494 (HEMPAC)
Iu
02/763 06 13
TOLLAAN 101 C
1932 ZAVENTEM :selected:
VE
Tve/Bt#
: 402.220.594
RECEIPT MAIL
R.C. @run/M B. Bruce. : 301.124.
BBL
010-0402701-43
BTW 435.085.085
REGISTER
13
435-4107921-51
CCP/PCI :
000-0017722-68
Livraison / Levering
CRC - CONTRACT RESEARCH CENTER BVBA
TOLLAAN 101 C
1932 ZAVENTEM
Votre référence / Uw referentie
No facture / Nr faktuur
Date / Datum
517917521/03/913
2025604 2020
08/64791
Personne à contacter / Persoon te kontakteren
Conditions de paiement / Betalingsvoorwaarden
.
Jon Couterick
TEL. 02/761.30.89
BOLAGET EINDE HAAND
Commentaire / Kommentaar
No contrat / Kontrakt nr
No cde. HP / Bestel nr HP
A8458-03859-0021
840009618
Item
Quantità
Hosvest
Produit / Produkt
Description / Omschrijving
PRIX WEWERKTE
fertideprile
Montant / Bedrag
0100
1
9301-0754
NEEDLE, 22 SS REPL
512
512
512
Vervoer
Cod
Verzekering
19% BTW
97
Cash
EINDTOTAAL BF
609
..........
KORTING 3% VOOR. KONTANTE
BETALING (8 DAGEN).
2028722884
Con marchandess ent ebtony des Etats-Unis une Arance d'ampertation on
Veer deze goederen werd doer de Verenigde Staten oca uitvoervergunning
·secution de la procédure spéciale de licence dé detribution à la condition
afgeleverd in uitvoering van de speciale distributielle ontle procedure,
qu'elles ne puissent être réexportées sone l'accord préalable des autorités
.p vewwaarde dat zij Nat verder uitgevoerd werden zonder toestemming
des Etats-Urp.
Dispone de certification ne 507 du 21/10/80
von de wwheden le de Verenigde Staten
Vrijstelling van echt verklaring er 667 van 2 0/ 1 0/ 80."
29,image_000030.jpg,"1
OUTGOING MAIL
# 999
REGISTER
CRC
CONTRACT RESEARCH CENTER
B.V.B.A./S.P. R. L ..
Business Administration
B-1932 Zaventem
Geadresseerde/Adresses:
Tollaan/Avenue du Péage 101c
TELEFAX
Telefoon/Téléphone: 02-720 55 94
Ageropa
Telefax/Téléfax: 02-725 12 09
Rue Van Soust 258
B-1070
JGB/MCM
Brussel.
Bestelling Nr./Commande No .:
268
Datum/Date ::
4 dec. 90
(gelleve usze referte in ieder geval op de faktuur te vermelden/
veuillez sans exception reprendre cette reference sur la facture)
KOK Đề Xử ởhà X Shươn bà à đại dị đới vị Nơi li baksh doách Árbolch &
aankoopvoorwaarden: zie
Nb ll & db to it dưi drá à # dru0 Kaich Rothbli d & del & Iniplink dolol: ) dieb:
brief van 19 dec.89
POSITIE
HOEVEELHEID
EENHEID
ARTIKELOMSCHRIJVING
PRIJS
POSITION
QUANTITE
UNITE
DESIGNATION D'ARTICLE
PRIX
(BF)
1
2
stuk
navullingen 1991 voor agenda,
merk Aderte, re. 53.1823,
aan BF 310, - per stuk
620,-
2
2
set
tekstmarkers Stabilo-Boss in
6 kleuren, re. 60.5170.66,
aan BF 265, - per set
530,-
3
10
stuk
tekstmarkers Stabilo-Boss,
geel, re. 60.5170.3,
aan BF 15,- per stuk
150,-
TOTAAL :
1.300,-
2028696900
Leveringstermijn/Délai de livraison:
50'ste week 90
Back
Leveringsvoorwaarden/Conditions de livraison:
franko
Van Den Bulcke
30 dagen einde van de maand
Management Accountant
Betalingswijze/Mode de paiement:
Maatschappelijke zetel: Zaventem, Beigid
H.R.O./R.C.B.
B. T.W./T.V.A.
Generale BankuGénérue de Banque:
Siège social: Zaventem, Belgique
509 306"
30,image_000031.jpg,"919 768 6768
CROTTS/SAUNDERS ENG. INC. TEL No.
919 768 6768 Jul 24.87 16:09 P.01
Ó
Crotts & Saunders
PURCHASE ORDER
·
ENGINEERING, INC.
NO. 87-09689
FACIMILE COPY -- ORIGINAL TO BE FORWARDED
4000 Silas Creek Parkway
BY CROTTS & SANDERS
Post Office Box 5058
PURCHASE ORDER DATE
Winston-Salem, N.C. 27113
July 24, 1987
919/765-7250
TO:
SHIP TO:
Palmetto Products Inc.
Crotts & Saunders Engineering, Inc.
Post Office Box 9919
c/o Lawrence Transportation Systems
Columbia, South Carolina 29209
4751 Benton Road
Winston-Salem, North Carolina 27104
ATTN: Tom Humphrey
MARK FOR: P.O. #87-09689
Please ship the following as per these instructions:
TERMS
WHEN SHIP
F.O.D
SHIP VIA
CUSTOMER PURCHASE
CUSTOMER PURCHASE
Aiken,
Prepay and Add
ORDER DATE
ORDER NO.
Net 30
See below
South
Carolina
Best Way
ITEM
QUANTITY
DESCRIPTION
UNIT PRICE
1
250,000#
PPI glass fiber mat to be produced at Aiken, SC for initial trial
See below
(under Contract #87-780-043)
CONFIRMATION - DO NOT DUPLICATE
NOTE: ALI. SHIPMENTS MUST HAVE FREIGHT CHARGES PREPAID AND ADDED TO
INVOICE. INVOICE MUST HAVE COPIES OF FREIGHT CHARGES ATTACHED.
NOTE: SHIPMENTS TO BEGIN THE WEEK OF JULY 27, 1987, AND ENDING THE
WEEK OF AUGUST 10, 1987.
If 313 a 1bs of fiber are consumed to produce
the ast lbs of mot ordered,
the world
PRICE NOTE: YOU HAVE BEEN PAID FOR THE ENTIRE AMOUNT (313 1bs.) of
FIBER TO BE CONSUMED DURING TRIAL UNDER OUR PURCHASE ORDERS 87-09657
AND 87-09658 AND WE WILL RECEIVE $172, 786 CREDIT FROM DIRECT FIBER
COSTS.
PPI AND CROTTS AND SAUNDERS WILL SHARE DIRECT MAT COSTS OF $163, 100
(EACH BEARING $81,550).
NET CREDIT DUE US ($91,236) in this example.
50600 5727
NOTE: ALL CONTAINERS MUST BE CLEARLY MARKED WITH PURCHASE ORDER
#87-09689. PACKING LIST SHOULD ACCOMPANY EACH SHIPMENT.
NOTE: PLEASE ACKNOWLEDGE RECEIPT OF THIS ORDER CONFIRMING PRICE AND
DEJ.IVERY PROMPTLY.
Crotts & Saunders
Please promptly acknowledge receipt of this Purchase Order
ENGINEERING, INC.
and Confirm Price and Delivery.
Marcus B Cotto
By"
31,image_000032.jpg,"P. LORILLARD COMPANY
INCORPORATED
ACCTS. REC. COPY - HOLD IN NEW YORK OFFICE
-
4
SOLD TO
CUSTOMER NO.
INVOICE DATE
CENTURY FOOD #KTS CO
230 N MERIDIAN RO
15205
41
83185
YOUNGSTOWN OHIO
SHIPPED TO
SHIPPING INSTRUCTIONS
YOUR ORDER NO. AND DATE
V
INVOICE NO
87P
CONF WIRE
J
AD9
MUMBER OF
TOTAL QUANTITY
CASES OR BOXES
----
BRAND NAME AND SIZE
LIST PRICE
AMOUNT
6
1
72000
12000
KENT 20 K S _12M
CRUSH PROOF OX
6465 0
12:000 OLD GOLD STRCHTS RG
10850
8:4 3
101M 0
22
24000
NEWPORT KING SIZE
1
12
BRIGGS POCKET PK
20 0
21690
16 5
192 4
109500 4
88131655
CASH
DISCOUNT:
IF PAID WITHIN 10 DAYS FROM
DATE OF INVOICE. DEDUCT
> :selected:
L
DEN TAN FORM &"
32,image_000033.jpg,"versandanschrift
IN : PAN
Charles River Wiga GmbH
aus der Hand des Veterinärs für die Forschung
Rechnungsansemret
3741 S.z'en '
""Felon 1097 611 8 12-8 19
Banano'er Weg /
""+0X 372916
CRE. CONTRACT RESEARCH CENTER
Ves: Germany
"">erax 1097 61: 5368
HERRN THEL. - FERN TOWA
""ALLAAN 101 ""
Lieferschein
2-1940 ZAVENTEEM
BRASSEL
Bei Zarleng unu Ruck'mgen nitte angeben
arcon-ihr
Decr -_- 05-Nr.
Rechnungs-Datum:
CR1524
010776
24.08.99
are Bestelnummer
Unsere - frags-Nr.
vorsanacatum
023214
24.08.89
>
Produkt-
Bezeichnung
Einzelpreis
Gesamtpreis
MwS !.
bezeichng,
Menge
OM
DM
Sch.
C.j.
20
""ANNI .. CT-HATTEN
KO RIS
50 GR.
CT
20
WHYRI . CJI-RATTEN
W
40 BIS
160 GR.
GES.7
AFARINAHETTS7FUANTS
1 KW
ENW-FRACHT
FTI TERKARTON
C 1005
2505149847
erhalten !
2107
217
25. Aug. 89 Ds
Netto
MwSt.
Enobetrag
12
Canibar innerhalb 30 Tagen ab Rechnungsdatum rein netto
Bankverbindungen:
Gerichtsstand und Erfüllungsort Schweinfurt
Bank für Gemeinwirtschaft. Schweinfurt. Kto .- Nr. 1012 0055 (BLZ 793 101 11)
Ren Ger Schweinfurt HRA 1549
Hunn-Rank Rad Kaninchofen Kin .Nr 1060 184 882 TR1 7 703 254 751"
33,image_000034.jpg,"FUNDAMENTAL AND APPLIED TOXICOLOGY
EDITORIAL. OFFICE: 1250 Sixth Avenue
San Diego, California 92101
K209
MANUSCRIPT NO.
Editor Number
Date of Receipt
09/23/91
Ms. handling fee rec'd.
3
Editor Name
On behalf of the Editors of FUNDAMENTAL AND APPLIED TOXICOLOGY, we acknowledge receipt of the following menuscript:
Author(s):
C.L. Gaworski, C. ARANYI, A. Hall III, B.S. Levine,
€.D. Jackson, und K.M. Abdo
Address:
Inhalation: Toxicol.
IIT Res. Inst.
10 West 35th St. Chicago It 60616
USA
Title:
Prechronic inhalation toxicity studies of isobutyl nitrite
Pages:
22
Tables:
0
Figures:
4
Symposium:
Type of Article:
Regular
The manuscript wil be considered by our Editorial Board. Information concerning publication of this article will be sent as soon as possible.
Sincerely,
Editorial Office
8960894
Manuscript No K209
CATHERINE ARANYI
370
155 N. HARBOR DR., APT. 2209
CHICAGO, IL 60601
Oct2
1991
2-41/710
PAY TO THE
Fundamentaland Applied Toxicology
ORDER OF
$ 50%
89660894
Fifty %
DOLLARS
LA
Mid-America
National Bank
1 PRUDENTIAL PLAZA + 130 E RANDOLPH ST.
CHICAGO, E CONFI - GIS M+000
Catherine Avanje
MEMO
Manuecr, handling fee
⑆071000916⑆ ⑈23 4876 4⑈ 0370"
34,image_000035.jpg,"** TOTAL PAGE . 002 **
APR DS .93 11:19.KWIK-KOPYAESTCE __
F.1
-
NA2 4629
-{AS w. ALLOWELE NO + D C. BOX 14 . 0000YEAR - 1- 199 ) (02) 234-2490
VENDOR AÑODE Tab
DATE OF CHARGE
*
ADDARAS
REFERENCE.
RETURN FREIGHT:
INVOICE+
DATE
DATE OF INVOICE #
COMPANY
P.O. .
RECEIVED 87
RETURN AUTHORIZATIONS
BUYER
UFC CODE
Max 24-73
CKICHATION
UZ
MILCH
QUANTITY
6DOS
Q.2
$23
900 PD-BO == 14,26% 38
800 BEW- 9,944.46
ammen
ToTAL : 34,713.46
Lagoa 3-3093
PAMELA
TITLE
LIVE-BRES MERCANTE
650
ZONER
ACCT. #
TOTAL
1:40 VALLEY WIST BRIN TINA
-
---
MINI
ODP 8 142 13:06
PAGF.001
2.00 3511
055H801 NHOTMAWH WON4
91 :01 86. / XHH"
35,image_000036.jpg,"JAMES ROSS LIMITED
INVOICE - FACTURE
2211 PARKEDALE AVENUE,
BROCKVILLE, ONTARIO, CANADA K6V 6B2
TEL: 613 -342-7734
B-1
FAX: 613 - 342-8439
SE
HX
Park 500
IP
SV
PE
4100 Bermuda Hundred Road
PARK 500
PD
DE
LN
EI
Chester, Virginia
DD
Accounts payable
DE
23831 U.S.A.
U
P.O.Box
26603
TÀ
T
RICHMOND, Virginia
0
32361 U.S.A.
PAT. UC. NO. UNC HÍD
P.IT. UC. NO. LUFC. PROV.
N/A
NA
TENCONETTO
CHOER HỘ, THỊ CONHANOT
CUN TONER NO. DỤ CLIENT
SOLD FYNVENDU PAR
PENSO WWWETTIDIÉ PÅA
DATE
INVOICE HO, DỰ PRACTUNE
Progres pymts
as arranged
#4930
P068094
11-7-1
Sea Frt.
Dec 14/90.
8674
CODE
OTY GROENED
GITT COMMENCE
OTY HEAD
et ortt
DESCRIPTION
PRICEPHI
UNTUNTE
DROWSTAUT
DISCOUNTRICOWWTT
NET
US FUNDS
1
1
only ""CREPMATIC""type
CDF 1005 DE Creping
Blade Feeder System
in 304 stainless steel
with continuous/
discontinuous
operation
273,685.00 LOT
$273,685.00
U.S.
Delivery: March 28/91.
F.O.B .: Gothenberg,
Sweden
Ocean freight.
1.
5.
SUB-TOTAL
SOUS-TOTAL
A.ET.IT.V.S.
SIEPPRIO/TRANSPORT
HALLING/MANUTENTION
MICONI
PATAYA
US$273,685.00
TOTAL
US$273,685.00
A SERVICE CHARGE OF 2% WILL BE APPLIED ON ALL OVERDUE AMOUNTS.
Quality engineered products for the paper industry world-wide
Produits de qualité, tout spécialement étudiés pour l'industrie du papier, dans le monde entier
2000403631"
36,image_000037.jpg,"POLITICAL CAMPAIGN CONTRIBUTION REQUEST
Date: 10/6/97
State: :selected:
Local: :unselected:
RECIPIENT INFORMATON
Name
Friends of L. F. Payne
(Individual Candidate or Fundraising Org.)
Address
P.O. Box 1101
Richmond, VA 23218
.
Current Office and District
Aspired Office and District
Lt. Governor of VA
Party
Democrat
Leadership Position
Committees
(Note Chairmanchips)
CONTRIBUTION INFORMATION
Amount
$1,000.00
Account Code
1201-7710-VAO1
Check Payable to
Friends of L.F. Payne
13043
Address
(Only if different from address above)
Notes:
F.R. - 10/9/97, The Capitol Club,
(Date needed; fundraiser date; other info.
Richmond, VA :selected:
Need check by 10/8
3 PM
Approved by:
R
0
SAANL Gühn Shipperlich
RECEIVE
(Regional Vice President's signature)
9 - 8 1897
Pat Dono wo lach
ACCOUNTING
(Senior Vice President's signature)
TI1640-0460"
37,image_000038.jpg,"P. LORILLARD COMPANY
INCORPORATED
ACCTS. REC. COPY - HOLD IN NEW YORK OFFICE
4
SOLD TO
CUSTOMER NO.
INVOICE DATE
1.
THE . KROSER CO
4947 91
51000 AURORA 23
SHIPPED TO
SHIPPING INSTRUCTIONS
YOUR ORDER NO. AND DATE
V
INVOICE NO
730
NUMBER OF
TOTAL QUANTITY
CASES OR. COXES
BRAND NAME AND SIZE
-
----
LIST PRICE
AMOUNT
7
84:000
NERPORT AING SIZE
9:00
75 05 0
1
60000
OLD GOLD STRGRITS BG
345
507:0 0
20
120 000 OLD GOLD FILTER 12:
10 . 00 0
1
4.8000 OLD GOLD STRY KING
390
4 5
540.000 KENT RY ES 12:
40: 010
0
7 2
BEECHNIT REGULAR
:,
2 4
0.9
HAV 3403504 PLAID
10 3-0
UNION LEADER PRY PR
2
3 2:4 0
10.
120000
KENT CRUST PROOF EX
2
84,000
SPRING KING SIZE
88132070
CASH DISCOUNT:
IF PAID WITHIN 10 DAYS FROM
DATE OF INVOICE, DEDUCT
>
D
IBM TAB FORM 1"
38,image_000039.jpg,"March 22,
74
Ragnar Rylander, M. D.
Research & Development Department
Consultation fee January-March, 1974.
$2,250.00
Expenses in regard to consultation (January-
$2,898.21
March, 1974)
TOTAL
$5,148.21
Please send check to RED by March 27, 1974.
for transmittal.
PLEASE GIVE THIS CHECK TO Dr. T. S. Osdene FOR TRANSMITTAL.
2501368021"
39,image_000040.jpg,"SEP-27-1993 12:45 FROM CEB WASH DC 202+66216291
TO
P.03
IYO!
10378 Democracy Lant
: I
I knithy Buildings International, Inc.
Fakfax, VA 22030
(703) 352-0102
TO
Covington & Burling
Telefax: (703) 352-0151
1201 Pennsylvania Avenue, N.W.
Washington, D.O .: 20044
MIVOICE NO CH0087
DATE
September 27. 1990
YOUR NEP: Mr. John Rupp
Philip Morris - HBI Magazine
To the initial set up and first printing run of 150,000 copies of
the HIBI Magazine as per discussions with Mrs. M. Pottorff.
Maryland.
Printing and production to be by Mercury Press of Rockville,
Toim!'(: . now due for payment.
$ 45,000
For HBI Inc
@
Grey Robertson
2024525665"
40,image_000041.jpg,"P. LORILLARD COMPANY
INCORPORATED
ACCTS. REC. COPY - HOLD IN NEW YORK OFFICE
4
SOLD TO
CUSTOMER NO.
INVOICE DATE
CENTURY FOOD ""KTS ' CO
15205
4 1
11.04 59
280 N MERIDIAN RD
YOUNGSTOWN OHIO
SHIPPED TO
*
SHIPPING INSTRUCTIONS
YOUR ORDER NO. AND DATE
INVOICE NO
87 P
DEPT GROC
JA34958
1030
64623
NUMBER OF
TOTAL QUANTITY
CASES OM BOXES
BRAND NAME AND SIZE
------
LIST PRICE
AMOUNT
2
24000
MEWPORT 20 BOX
1406
21.600
1
12000
OLD GOLD FILTER 124
9:0 0
10 0:010
1.
1 2000
KENT 20 1244
9:00
108:00
7
$ 4000
KENT 00 K S 1944
900
75600
2
2. 4000
KENT CRUSH PROOF RX
400
21.660
88131560
1404:005
FL
SHOW 86288 4PT 86231 0G
86266 KN 80268 K:
K S
86:269 KNBX
CASH DISCOUNT:
IF PAID WITHIN 10 DAYS FROM
>
-
DATE OF INVOICE. DEDUCT
0
IBM TAD FOR# 1
₾717"
41,image_000042.jpg,"Robert W. Crandall
5100 38th St., NW
Washington, DC 20016
Tel. No. 202-244-0056
Fax. No. 202-364-1412
December 22, 1997
INVOICE
For consulting services provided to Brown & Williamson in November 1997 on the effects
of the proposed tobacco settlement on the U.S. tobacco industry:
32 hours @ $400/ hr. =
$12,800.00
ok
milan
2073883472 :selected: :selected:"
42,image_000043.jpg,"BORRISTON
LABORATORIES, INC.
Borriston Laboratories, Inc.
5050 Beech Place
Temple Hills, Maryland 20748
INVOICE
Telephone: 301-899-3536
Telex: 248838
February 23, 1984
LORILLARD INC.
420 English Street
Greensboro, NC -27405
Attention: Dr. Harry Minnemeyer
REFERENCE:
Purchase Order No. 341C
BLI REF .:
211544
INVOICE NO. :
1544-4
DESCRIPTION
AMOUNT
90-Day Subchronic Toxicity Study in Rats With D-14,
D-15 and D-20
$ 47,225.00
Award
Billings to Date
$188,900.00
Balance
<141,675.00>
47,225.00
REMITTANCE ADDRESS:
00920509
Borriston Laboratories, Inc.
DYNAMAC BUILDING
11140 Rockville Pike
Rockville, MD 20852
* INVOICE *
A Subsidiary of Dynamac International, Inc."
43,image_000044.jpg,"606009
HAZLETON
LABORATORIES AMERICA, INC.
TELEPHONE
(703) 893-5400
8200 LEESBURG TURNPIKE, VIENNA, VA 22180 USA
INVOICE
To:
Lorillard Research Center
P.O.Box 21633
Greensboro, NC
27420
Attn: Dr. Connie Stone
L
Invoice Date December 2. 1985
Payment Terms Net 30 days
Charges.
Thre Period
Project
642-255
P.O.# 115C
Ending
Description
Charges
This Period
Total
Bioassay of Cigarette Smoke Condensates
in Mice
Invoice as per billing schedule:
$11,280.00 :selected:
$11,280.00
D23, DIX
Ag Minnemeyer
12-09-85
Dont 9590
89001470
Remit to: P.O. Box 25065, Richmond, Va. 23260
HL FORM NO. I"
44,image_000045.jpg,"6900
Charles
C
DIALE
ang at gt . acht
Ist, tob / cgt
74
Iht of Total Cept
DSALE
27.685 +
1 1074
*
1.107
Itt , the/ igt
1003119885
DSALE
C
22.025
25.
0 . 8810
0.881"
45,image_000046.jpg,"M8
MacNAUGHTON LITHOGRAPH COMPANY, INC. 585 Winsor Drive, Secaucus, N. J. 07094
Tel. (201) 866-8800 N.Y. (212) BR 9-0220
To:
Tha American Tobacco Company
January 15, 1983
245 Park Avenue
New York, I. Y.
TERMS: HET
CUSTOMER ORDER NO.
A 11501 - Ma m-161
INVOICE NO. 29791
CARLTON 14 X 45 PRINTED BULLETINS
PHIFAID TRAKIP. - per liste & receipta attached
៛
156
17
VENDOR
GE STATE SALES TAX ON & DRL. IN M.J. (9456.80)
27
41
:)
1
21
TOTAL
58
1)
A
gant
TYPE | DISD.
1
Fre-
EMV
11)
DATE
HO,
ACCOUNT
755-200
SUA
GROOG $
DESC,
PROV. OUTDOOR A, TAFELSIF
DISC
9
HET
S
CASH ADVANCED FON
RANSPORTATION.
STILEx |12: 3 | APP'D PAY
PAYMENT REQUESTED
MMEDIATELY. PLEASE!"
46,image_000047.jpg,"1942
3
Générale de Banque
Generale Bank
·==== ++++/C#####/by cd /M/regge
# SA BRUXELLES
-
RC176034
CAC/ CONTRACT RESEARCH CENT
To 35 61 039 11
TOLL AAN 101C
--------------
=====-------
1932 ST-STEV-HOLUNE
----------
Vương - Đường Mount / Bereg
0
THE PRINCESS CHUL ABHORN
U. S . DOLLAR
SCIENCE CONGRESS II IN BANGKOK
*350.00%
G. Generale de Banque
bq /bora bort/Drone ban/ Besogne Bara
Generale Elnk
CHASE/GB' CHECK DISBURSM. AC NEW YORK
SA DKUAELLEŞ
RC 76034
1 CHASE MANHATTAN PLAZA
RC
NY
11/05/92
1008 1 NEW YORK
USA
---
V. S. DOLLAR USD3 50, COU50
- -- -
CHEQUE
SCHECK
---
10356103911
USD THREEOF IVELLEROPUSD ZERO CENTS
---
---
---
----
NºF
---
---
Ondan de Sonquai Quersto Bart
A Tordre en/ boy con vent To the crow diz An du Crom von
THE PRINCESS CHULABHORN ***
----
------
SCIENCE CONGRESS II//
CIO FACULTY OF SCIENCE, MAHIDOL UNIVERSITY
RAMA . 6 ROAD. BANGKOK 10400
THAILAND
a
Jean-Claude RENSON
LA remboursement / An trugostaang / In nemcu bertant / Zum Ausgleich
00031172
Chef de Burtau
REMB. GENERALE BANK HEAD OFF
2AUXLI
2028702444
---------------
09. 1. 06CM
MOO 1087 :selected: :selected: :selected:"
47,image_000048.jpg,"POWELL TATE
a Cassidy Company
RJREYNOLDS TOBACCO CO.
INVOICE #:
2568
401 MAIN STREET
RB-18TH FLOOR
December 31, 1993
WINSTON-SALEM, NC 27102
PAGE 1
ATTENTION: MR. TOM GRISCOM
RJR863
EXECUTIVE VICE-PRESIDENT
YOUTH MARKET #1
BIRMINGHAM
PUBLIC RELATIONS AND CONSULTING ON BEHALF OF
RJREYNOLDS TOBACCO CO.
FOR THE MONTH ENDED December 31, 1993
VICE PRESIDENT / J. SUTHERLAND
V
0.25
HOURS @ $200.00
ACCOUNT EXECUTIVE/ S. GOODENOW
50.00
0.75
HOURS @ $100.00
75.00
DESIGN ASSISTANT / J. BAILEY
4.00
HOURS @ $75.00
300.00
$
425.00
REIMBURSABLE EXPENDITURES:
COMPUTER SERVICES
ADVANCED LASER GRAPHICS
49.19
95.73
DUPLICATING
19.61
TELECOPY
46.64
LOCAL TRANSPORTATION
67.00
BUSINESS MEALS
42.04
MESSENGER SERVICES
480.25
POSTAGE
2.48
TELEPHONE
148.43
S. GOODENOW 11/17 AIRFARE DC TO AL
675.00
S. GODDENOW 11/16 THE WYNFREY
105.84
GIRARD VIDEO, INC.
320.03
VIDEO MONITORING SERVICE
395.10
$ 2,447.34
TOTAL AMOUNT DUE
$
2,872.34
51198 2378
700 Thirteenth Street, NW Suite 1000 Washington, DC 20005
Telephone 202.347.6633 Fax 202.347.8713"
48,image_000049.jpg,"10.0.0.
THE RITZ-CARLTON
BUCKHEAD
WEST ACCOUNT
THE RITZ-CARLTON
BLOCKHEAD
ROOM
RATE
ARRIVE
¿
ACCOUNT
AFFILIATION
PF
ID | PAGE
835
50.00 10/26/85 10/31/85
152557
3 M2809
2-CVST
21 EDP
1
ΖΕΜΑΝΕΚ
JAN
ALL CHOS TO MASTER
01:59 1/0
C/O ANA LEAIRO
DEP
120 PARK AVENUE
NEW YORK
NY 10017
DATE
IÇUDE REFERENCE
CHANGES:
PAYMENTS
ZAV BALANCE!
1026 221
4526 ZZZ ROOM SERVICE
22.11
22.11
1026 112
MM
ROOM
50.00
72.11
1026 811
MM
ROOM TAX
4.00
76.11
1027 112
ALK
ROOM
50.00
126.11
1027 811
ALA ROOM TAX
4.00
130.11
1028 112
ALK ROOM
50.00
180.11
1028 811
ALK ROOM TAX
4.00
184.11
1029 221
4207 ZZ2 ROOM SERVICE
6,15
190.26
1029 112
MM
ROOM
50,00
240.26
1029 81:
MIM
ROOM TAX
4.00
244.25
1030 112
A_K ROOM
50.00
294.26
1030 811
ALK ROOM TAX
4.00
298.24
TOTAL
298.38
2043128356
$136.26
3434 PEACHTREE ROAD
ATLANTA, GEORGIA 30326
(404) 237-2700"
49,image_000051.jpg,"-
VOICE
TO: LORILLARD TOBACCO COMPANY
DATE
07/17/98
F
NAME OF CHAIN: QUILLIN'S IGA
DIVISION NO:617
R
STREET ADDRESS: 1515 WEST AVENUE SOUTH
REGION NO. 11
0
CITY: LA CROSSE
STATE: WI
ZIP: 54601
VENDOR NO. QUIU 046143
M
CHAIN ID NO 61705
PAYMENT DUE FROM LORILLARD FOR THE
2ND
QUARTER 1996 UNDER THE
LORILLARD MERCHANDISING PLAN I
PLAN I
ATTACHED IS A LIST OF QUALIFYING STORES
WEEKLY CARTON CIGARETTE SALES
IST
TR9
20
TOTALE FOR
MONTHLY
TOTAL
PER STORE
MONTH
MONTH
MONTH
QUARTER
RATH
SCHEDULE
NUMBER
500 +
0
+
0
+
0
0
× $44.00 =
$0.00
-
A
OF FULL
300-499
0
+
0
4
0
-
0
X $32.00 =
$0.00
SHELVES
200-299
0
$0.00
+
0
+
0
-
0
X $15.00 =
SCHEDULE
NUMBER
500 +
6
+
6
+
6
-
18
× $44.00 =3
$792.00
B
OF FULL
300-499
0
+
0
+
0
-
0
X $32.00 =
$0.00
SHELVES
200-299
D
$0.00
+
0
+
D
-
D
X $15.00 =
40
$600.00
+
40
+
40
-
120
× $5.00 =
NUMBER
0
+
0
*
0
-
0
× $4.00 =
$0.00
OF
.
0
+
0
+
0
$0.00
-
0
× $3.00 =
ADDITIONAL
0
+
0
+
0
$0.00
-
0
× $2.50 =
ROWS
0
+
0
+
0
-
0
× $1.25
=
$0.00
PLAN : - QUARTERLY PAYMENT DUE
>
$1,392.00
PLAN I - NON SELF-SERVICE
NUMBER OF FULL SHELVES
400 +
0
+
0
+
0
-
0
$25.50 =
$0.00
NUMBER OF
0
.+
0
+
0
-
0
× $1.50 =
$0.00
ADDITIONAL ROWS
0
+
0
4
0
0
$1.25
=
$0.00
-
4
PLAN I - NON SELF-SERVICE QUARTERLY PAYMENT DUE
>
$0.00
PLAN IA
0
+
0
+
0
-
0
× $10.00 =
$0.00
NUMBER
0
+
0
+
0
-
0
× $35.00 =
$0.00
OF STORES
0
+
0
+
0
0
X $42.50 =
$0.00
1
0
+
0
+
0
x- =
$0.00
-
0
PLAN IA - QUARTERLY PAYMENT DUE
>
$0.00
96120905
TOTAL QUARTERLY PAYMENT DUE
>
$1,392.00
Respal
DH/WET
1
DATE:
07/17/08
APPROVALS
DISTRIBUTION NEW YORK COPY
REGIONAL MANAGER COPY
CUSTOMER COPY
FILE COPY
PLEASE NANTCINGE CI THỊ :unselected: :unselected: :unselected: :unselected: :unselected: :unselected: :unselected: :unselected: :unselected: :selected: :unselected: :unselected: :unselected: :selected: :unselected: :selected: :unselected: :selected: :unselected: :selected: :selected: :unselected: :unselected: :selected: :selected: :unselected: :selected: :unselected: :selected: :selected: :unselected: :selected: :selected: :unselected: :selected: :unselected: :selected: :unselected: :unselected: :unselected: :unselected: :unselected: :selected: :unselected: :unselected: :selected: :unselected: :unselected: :selected: :unselected: :unselected: :unselected: :unselected: :unselected:"
50,image_000052.jpg,"Registration form
Tobacco and Cancer - New Investigional Approaches
(Type or Block letters please)
2501462643
NAME:
Pr .... med ... V. Hackenberg
INSTITUTION:
ADDRESS:
Nikolaus-Gross-Str. 11, D-5060 Bergisch-Gladbach 3
W. - Germany
"" / enclose a check Almakextrasfono6863.500doxtbxxxxsunt/181-7103872-85. :selected:
Credit General Bank of PRP-ECP Tobacco Symposium.
a I wich to present a paper at the poster session (abstract to arrive at ECP secretariat no :unselected:
later than January 15, 1983): YES . NO
fait
(Signature)
5. Jan. 83
Kreissparkasse Köln
Neumarkt 18-24, 5000 Köln 1, Fernsprecher 20851
H
0000014410188⑇ 13130035284
37050299/ 111
Bitte dasss Feld nicht beschriften und nicht bestempain
2501462643A"
51,image_000053.jpg,"INVOICE
DEC 0 8 RECD
PLEASE RETURN THIS STUB TO:
-
NEWSDAY, INC.
Newsday
LONG ISLAND
LONG ISLAND
NEW YORK 11747
NEW YORK 11747
ON TOP OF THE NEWS, AHEAD OF THE TIMES
PHONE 1516) 454-2195-6
PER-11 1998
PER-11
1988
LORILLARD MEDIA SERVICES/LI ONLY
LORILLARD MEDIA SERVICES/L
RE TRUE B EPPERSON
RE TRUE B EPPERSON
1 PARK AVE/FLR
N
1 PARK AVE/FLR
NEW YORK NY
NEW YORK NY
10016
ACCOUNT NUMBER
10016
5166-501535-5-03
6166-501535-5-03
₦-INCH
DATE
DESCRIPTION
XXXXXX
RATE
CHARGES
DATE
CHARGES
11/13
MAG
B.0600
7,558.00
11/13
7,558.00
NEWSPAPER
LIN
-1,133.70
ISSUE
11-13-88
15%
6,424.30
INS. #
1
Not.
PMAT. #
1
In
BRAND
TRU
91556219
INV. NO.
TRUE 11/13
INV. DATE
12-8-88
/60
AMOUNT
6424.30
PAID
CREDIT
DATE PAID
12-14-88
CHECK #
009156"
52,image_000054.jpg,"ROOM
LAST NAME
FIRST
INITIAL
4B2
HUGHES
Dr.
I.
BILL TO
RATE
IN DATE
OUT DATE
NO. .- RIONS
GUEST .
COMPANY
57,50
Jan
12th
Jan 16th
-
E.P.
STREET :unselected:
1
CREDIT CARD (KIND) NUMBER
1600 West Hill-Street
H.A.P.
CITY
STATE
COUNTRY :selected:
x
Louisville,
Kentucky. 40201
FOLIO
03:27
NO.
DATE
REFERENCE
CHARGES
CREDITS
BALANCE
PREVIOUS BALANCE
PICKUP
Jan 12
Room 4B2
c*
57.50
Jan 12
SERV 4B2
c*
5.75
Jan 12
TAX 4B2
C **
2.85
66.10-
....
Jan 13
Restr
4B2
b*
2.50
68. 60
Jan 13 RESTR
4B2
b*
.85
Jan 13 Restr
4B2
b*
.85
70.30
Jan 13
Room 4B2
c
57.50
Jan 13
Serv 4B2
c*
5.75
Jan 13 -
TAX 4B2
c*
2.85
136.40
Jan 14 Restr
4B2
c*
4.40
Jan 14
140.80
Room 4B2
c*
57.50
Jan 14
Serv 4B2
c*
5.75
Jan 14
TAX 4B2
c*
2.85
206.90
Jan 15 Restr
4B2
c*
5.60
212.50
Jan 15
Room 4B2
b*
57.50
Jan 15
Serv
4B2
c*
5.75
Jan 15
TAX
4B2
c*
2.85
278.60
Jan 16 TRCR.
4B2
c*
A* 264.40.
14.20
Jan.16 PAID
4B2
* 14.20
.. 00
Paid by is Higher
PLEASE PAY LAST AMOUNT SHOWN IN THIS COLUMN-
Mullet Bay
2
=
BEACH HOTEL
ST. MAARTEN. NETHERLANDS ANTILLES
BEFORE DEPARTURE, PLEASE ASK FOR YOUR MAIL OR MESSAGES AT DESK.
CTR SP-FILES 009858"
53,image_000055.jpg,"Jergens
THE ANDREW JERGENS COMPANY
REMIT TO: Location 00166
INVOICE NUMBER
101786-A
Cincinnati, CH 45264
SHIPPING DATE
VARIOUS
MOJQ -O
VARIOUS SALES REPRESENTATIVES
THE AMERICAN TOBACCO COMPANY
(AS SPECIFIED BY AMERICAN TOBACCO
6 STAMFORD FORUM
COMPANY)
P.O. BOX 10380
STAMFORD, CT. 06904-2380
Customer's Order No.
00156
Dept. #
Store #
TERMS:
TERMS ARE FROM
NET CASH
INVOICE - SHIPPING
Representative
7979
DATE SHOWN ABOVE
Ho. of Cases (P)
Quantity
W.
UPC Case
Fremoten
CODE
D
Coca
Description
Unit Price
Dratt
Amount
ALOE & LANOLIN LOTION/CARLTON LABEL PROMOTION
6,123
144 PCS/CS
6
6319
A&L LOTION 1.5 OZ. TRIAL SIZE
$34.56
$211,610.88
646
144 PCS/CS 6 6319
CREDIT FOR RETURNED A&L TRIAL SIZE
MDSE. DUE TO MIS-SHIPMENT
$34.56
($22,325.76)
Jergens
Pay This Amount
$189,285.12
ALL CLAIMS FOR ADJUSTMENTS MUST BE SUBMITTED WITHIN 60 DAYS
P - ITEM REPACKED IN SHIPPING CORRUGATE. QUANTITY = SOAP IN CASES, COSMETICS IN DOZENS, UNLESS OTHERWISE INDICATED.
FREIGHT PREPAID - SELLER'S EXPENSE
AJ1570-"
54,image_000056.jpg,"FORM 1501 (C)
PHILIP MORRIS
REV. 9/72
CORPORATE
VOUCHER
June 20. 1972
19 77
IDO NOT USE IF PAYEE'S DILL IS AVAILABLE]
DATE VOUCHER IS PREPARED
(A) :unselected:
MAIL :unselected:
DEPOSIT :selected:
X
RETURN TO:
(B)
COMITAF NO SPECIFIC DATE IS REQUIREDI
NAME
J. Jones
DEPT. Ins ._ FLOOR 36
6/24/77
DATE DUE
TIME
PHONE
EXTENSION 424
(C) PAYEE :.
ACCOUNTING/CODE (MIT IF NOT KNOWN!
AMOUNT TO BE PAID
Liberty Mutual Insurance Company
P.O. Box 576
Lynbrook, L. I., N.Y. 11563
FILE UNDER:
PAY THIS AMOUNT
$ 360,000
(D) APPROVAL FOR PAYMENT:
(E) EXPLANATION OF PAYMENT:
Não darin
Deposit Premium due on Workers' Compensation, 'Comprehensive General
and Automobile Liability policies for 1977 policy year.
(F) OTHER INSTRUCTIONS TO CASH CONTROL OR ACCOUNTING DEPARTMENT:
Fecha or north faceto face ne det
Installment for month of Lune
Seg schedule of annual deposit
attached to voucher dated January 20, 197. Invoice for current installment is
attached to this voucher.
ACCOUNTING USE ONLY
INVOICE APPROVAL
DATE
ACCOUNT CODE
AMOUNT
ACCNT'G. AUDIT
ACCNT'G APPRV'L
DIV.
G.L.
SUB
EXP
XX :selected:
(
) = CREDIT
VEND NO.
VOUCH NO.
V. DATE
V. DUE DATE
INVOICE OR REF. NO.
AMOUNT PAYABLE
CHECK ISSUED
1
BANK CHARGE
2
RETURN
CK. NO.
CK. DATE
BANK
(A) Special Notes to Keypunch Operator:
2063233507
1) See attached for Amount Payable by Vendor.
2) Keypunch Vendor Number below for
Account Distribution.
FILE UNDER
VENDOR
NUMBER :unselected: :unselected: :unselected: :unselected: :unselected: :unselected: :unselected: :unselected: :unselected: :unselected: :unselected: :unselected: :unselected: :unselected: :unselected: :unselected: :unselected: :unselected: :unselected: :unselected: :unselected: :unselected: :unselected: :unselected: :unselected: :unselected: :unselected: :unselected: :unselected: :unselected: :unselected: :unselected: :unselected: :unselected: :unselected: :unselected: :unselected: :unselected: :unselected: :unselected: :unselected: :unselected: :unselected: :unselected: :unselected: :unselected: :unselected: :unselected: :unselected: :unselected: :unselected: :unselected: :unselected: :unselected: :unselected: :unselected: :unselected: :unselected: :unselected: :unselected: :unselected: :unselected: :unselected: :unselected: :unselected: :unselected: :unselected: :unselected: :unselected:"
55,image_000057.jpg,"Ted Bates & company. inc/advertising
. ..
IS15 Broadway - New York New York 10036 U'S A
Phone 212 869-3131 . Cable Baseaword. New York
To
THEONU & VILLLAVEIOU TOBACCO COMITVITION
LAste
AUCUNE 30, 1979
Product
Forray
krwvoice No.
8 - 37
MOTO X
PB. ALL-HU ELA.LA
EXPORT
PUSE BEMENHE
KSBK
DETAMA
RADIO
RADIO OFOT
CHAUTB DUE TO NEAVENTD DUYPANTEL
FULLY 1972
Kat. 7410-R-A
DELlad 490.35
Est. (A8-A-A, Bov, 1 8h/ 3) 201.66
$5.31
WHAT DUE BEFTORRA 10, 1912
VICEROY - 100%
DUPLICATE
ORIGINAL
APPROVED
BUDGET# SR -. 76
1
H. L. B.
5811-4.35
Uná
NOTICE IF THE FILM IMAGE IS LESS CLEAP
77602 949.2
THAN THIS NOTICE. IT IS DUE TO THE"
56,image_000058.jpg,"Michigan
Chamber of Commerce
INVOICE
600 S. Walnut Street . Lansing, MI 48933-2200
NUMBER
Tel: (517) 371-2100 · Fax: (517) 371-7224
Toll Free: 1-800-748-0266
257668
133552
Federal I.D. #38-1626029
As a result of changes made by the Omnibus
Budget and Reconciliation Act of 1993, 70% of
membership dues are deductible for federal income
tax purposes. Membership dues are not eligible as
Mr. Michael Shannon
a charitable deduction for federal income tax
Government Affairs
Lorillard Inc- Lorillard Tobacco Company
purposes.
714 Green Valley Road
Annual Dues Beginning: June/1999
Greensboro NC 27404-052
Investment Amount: $750.00 :selected:
OK AO
DC 750-372-6113
M
05/12/99 / 01
""CONT""
allies
Seut 6/3/99
Michigan
CK dated 6/1/99
Chamber of Commerce
INVOICE
600 S. Walnut Street . Lansing, MI 48933-2200
NUMBER
Tel: (517) 371-2100 . Fax: (517) 371-7224
Toll Free: 1-800-748-0265
257668
133552
Federal I.D. #38-1626029
As a result of changes made by the Omnibus
Budget and Reconciliation Act of 1993, 70% of
Mr. Michael Shannon
membership dues are deductible for federal
Government Affairs
income tax purposes. Membership dues are not
Lorillard Inc Loueland Tabacco Company
eligible as a charitable deduction for federal
714 Green Valley Road
income tax purposes.
Greensboro NC 27404-052
Annual Dues Beginning: June/1999
98543305
05/12/99 / 01
Investment Amount: $750.00
Please Return this Portion with your Payment
Allies"
57,image_000059.jpg,"`Ted Bates & company, inc./advertising
1615 Broadway . New York, New York 10036, U.S.A.
Phone 212 860-3131 . Cable:Betesword, New York
CL. NT BW
BROWN E WILLIAMSON TOBACCO CORP
PRODUCT ION ESTIMATE
REPORT AC14
PRODUCT KA
KOGL NILOS
MEDIA
₱
PRINT PROON
BILLING TYPE
JOB
PE 63 88 ""BLUE FALLS'
EST-
KH-E-79-10-RL-
RUN ON JAN14/30 AT 17.50 PAGE 1
SUPPLEMENT-FULL PAGE
BILLING 1600 W HILL ST
COVER COST FOR ENGRAVING FOR NATIONAL SUPPLEMENTS
ADDRESS LOUISVILLE KY 40201
REV 1-REVISED TO REFLECT INCREMENTAL CHARGES
DUE TO ADDITION OF NORFOLK NEWS OFFSET MATERIAL
WORK CODE
COMMISSION
ORIGINAL
PRESENT
RATE
ESTIMATE
EST IMATE
PKG
fu
1
14 ENGRAVINGS-ROTC
ZERO
5000.00
5000.00
15 ENGRAV5-3FF SET
ZERO
2750.00
/
70 N.Y. SALES TAX
ZERO
400.00
400.00
76 SHIPPING
ZEAU
500.00
600.00
""OTALS INET)
5900.00
8750.00
COMMISSIONS
TOTALS IGROSSI
5900.00
9750.00
& SHIPPING.
*** NOTE ***
ESTIMATE IS BASED ON JOB AS GF THIS DATE.
CHANGES IN DESIGN, TYPOGRAPHY, ILLUSTRATION,
PLATES NEEDED,PIC MAY ALTER FINAL CHARGES.
CONTACT
Stor F M. 46.
DATE.
1/28/80
2/7/63
CLIENT
DAT C.
already bild 1.00 0912
3/7/20
# 612423
$ 2,850.70
9004:P 005 40 11 11
ICE IF THE FILM IMAGE IS LESS CLEAR
66407 9844
SI
N THIS NOTICE. IT IS DUE TO THE
LITY OF THE DOCUMENT BEING FILMED."
58,image_000060.jpg,"7FORM NO. P.O. 1918 LT-11-30
C
NEW YORK 10017,
JUNE 14,
19 77
LORILLARD
200 EAST 42nd STREET
TO COUNCIL FOR TOBACCO RESEARCH-USA. , INC.
110 EAST 59TH STREET
NEW YORK, NEW YORK 10022
EIGHTH AND FINAL INSTALLMENT OF 1976
$ 28,150.00
DUES.
0
1
03660275"
59,image_000061.jpg,"Empfangsbescheinigung / Receipt for documents / Récépissé de documents
(Liste der diesem Antrag beigefügten Unterlagen)
(Checklist of enclosed documents)
(Liste des documents annexés à la présente requête)
Es wird hiermit der Empfang der unten bezeichneten Dokumente bescheinigt/Receipt of the documents indicated below is hereby acknowledged/ Nous attestons
(
'a deoot des documents designes ci-dessous
· Falle der Einreichung der europäischen Patentanmeldung bei einer nationalen Behörde diese Empfangsbescheinigung vom Europäischen Patentamt
Ob. „andi, so ist sie als Mitteilung gemäß Regel 24(4) anzusehen (siehe Feld RENA), Nach Erhalt der Mitteilung nach Regel 24(4) sind alle weiteren Unter-
lagen, die die Anmeldung betreffen, nur noch unmittelbar beim EPA einzureichen./If this receipt is Issued by the European Patent Office and the European
patent application was filed with a national authority it serves as a communication under Rule 24(4) (see Section RENA). Once the communication under
Rule 24(4) has been received, all further documents relating to the application must be sent directly to the European Patent Office/Si, en cas de dépot de
la demande de brevet européen auprès d'un service national, rOffice européen :unselected:
7
des brevets délivre le présent récépissé de documents, ce récépissé est réputé
être la notification visée à la règle 2444). Dès que la notification visée à la
règle 24(4) a été reçue, tous les autres documents relatifs à la demande
REDDIE + GROSE
doivent être adressés directement à POEB.
Nur för amtlichen Gebrauch / For official use only / Cadre réservé & l'administration
16 THEOBALDS ROAD
Datum
Date
EPA EPO-OEB
DG 1
LONDON
Reçu:
0 3 -09 - 1992
WCIX :selected:
06
ANL
ZEICHN.
- 7 SEP 1992
Unterschrift/ Amtsstempel / Signature / Official stamp / Signature / Cachet officiel
Anmeldenuminer /Application No./Nº de la demande
92307710. 1
Tag des Eingangs (Regel 24(2)) /Date of receipt (Rule 24[2])/
Date de réception (règle 24(2))
DREC
2 4 AUG 1992
Zeichen des Anmelders/Vertreters/Applicant's/Represen-
tative's ref./ Référence du demandeur ou du mandataire
AREF
33697
Nur nach Einreichung der Anmeldung bei einer nationalen Behörde:/ Only after filing of the application with a national authority:/
Seulement après le dépôt de la demande auprès d'un service national:
Tag des Eingangs beim EPA (Regel 24(4)) / Date of receipt at
0 3. 09. 92
EPO (Rule 24(4)} / Date de réception à l'OEB (règle 24(4))
RENA
A.
Anmeldungsunterlagen und Prioritätsbeleg(e) / Application documents and
Silickzahl
Blatrahir enes Sticks
Gesamtzahl
priority document(s) / Pièces de la demande et document(s) de priorité
46
Number of copies
Number of sheets'
cer Abbildungen
Nombre
in each copy
Total number of figures
d'exemplaires
Nombre de feuilles' par
Nombre tocall
exemplaire
Ga ligares
1. Beschreibung / Description
3
39
2. Patentanspruche / Claim(s) / Revendication[s]
3
3
3. Ggf, unterschiedliche Patentansprüche [Art. 167(2) a)] /Any different claims
(Art. 167(2)(a)) / Le cas échéant, revendications différentes (art. 167(2) a))
-
-
4. Zeichnungten) / Drawing(s)/ Dessin(s)
DRAW1
=
3
12
23
5. Zusammenfassung/Abstract/Abrégé
3
1
6. Übersetzung der Anmeldungsunterlagen / Translation of the application documents/
Traduction des pièces de la demande
-
7. Prioritätsbeteg(e) / Priority document(s) / Document(s) de priorité
-
8. Übersetzung des (der) Prioritätsbelegs (belege)/ Translation of priority document(s)/
Traduction du (des) document(s) de priorité
-
B. Der Anmeldung in der eingereichten Fassung liegen folgende Schriftstücke bei:/
This application as filed is accompanied by the items below:/
47
A la presente demande sont annexes les documents suivants:
1. Einzelvollmacht/ Specific authorisation /Pouvoir particulier :unselected:
2, Allgemeine Vollmacht/General authorisation / Pouvoir general :unselected:
3. Erfindernennung/ Designation of inventor/ Désignation de l'inventeur :selected:
X
4. Früherer Recherchenbericht/ Earlier search report/ :uns"
60,image_000062.jpg,"Fi/4L
4
COVINGTON '& BURLING
VOUCHER
NO:
1201 PENNSYLVANIA AVENUE N W
P. O. BOX 7506
916 401
WASHINGTON. D. C. 20044
*
TELEPHONE
1202: 662-6000
PLOVER IDENTIFICATION NO
53 0188411
19750-3
STATEMENT
ACCOUNT NO.
DATE
Feb. 21, 1991
PHILIP MORRIS MANAGEMENT CORPORATION
To cover the statement of Healthy Buildings
International relating to the second install-
ment of Edelman's consulting fees and expenses
in connection with the organization and pro-
motion of the seven cities media tour of
Australia in February 1991
$ 44,960.00
JPR/ceb
1990 acasual
9-301- 612
Mary Gallonf 2.26.91
re : Merchandising
1
australia Hasses briefing
2078153261
3-4-91"
61,image_000063.jpg,"HOWARD A. MARWIN COMPANY
104 E 31st Street. New York NY. 10016. (212) 679.4131
LORILLARD
666 FIFTH AVENUE
NEW YORK, N.Y. 10019
DATE
CONTRACT NUMBER
INVOICE NUMBER
MONTH OF SERVICE
4-20-81
OH-974
2224
MAY
LOCATION DESCRIPTION
MONTHLY RATE
LONG ISLAND CITY, N. Y.
L. I. EXPRESSWAY & 25 ST. F/W
$4,800.00 (gross)
800
07/974
400000
MAY
MAY 1 1981
1x 4/23/1
80701201
Subject to 16 2/3% agency comm.
TOTAL AMOUNT DUE
Den Bo (gross)"
62,image_000064.jpg,"!0358 Democracy iste
HBI
Healthy Buildings International. Inc.
34
Farine VA 22050
: 3. 334.308
301
TO:
Covington & Burling
Tebon: 54 :52-51
1201 Pennsylvania Avenue
Washington, D.C. 20044
RECEIVED
DEC 0 6 1991
INVOICE NO
-
4316
ACCOUNTING
DATE Dec 3, 1991
YOUR REF .:
Mr. John Rupp
December Expenses
To expenses incurred in by HBI, Inc. as consultants to the
Tobacco Institute.
Simon Turner
1)
Attendance of ASHRAE Conference in Jacksonville, FL 11/21/91.
Airfare
$ 882.00
Hotel
124.56
Car rental
72.14
Parking
34.00
Gas
22.50
$ 1,135.20
$ 1,135.20
2)
Attendance of Exposures Conference and presentation of paper
Atlanta, Georgia, 11/21/91.
Airfare
$ 808.00
Hotels
88.52
Taxis
34.00
Parking
31.25
Meals
14.00
Slide preparation cost
488.25
$ 1,464.02
$ 1,464.02
3)
ASTM membership fee
$ 350.00
Total price now due for payment
$ 2,949.22
1
For HBI Inc.
Thay Roberton
Sme
130217301
KPackett
Gray Robertson
GR : dh
12 5-91
Enclosures
payable C+B
TI1016-1457"
63,image_000065.jpg,"PRO BILLIARDS
TOUR
INVOICE
DATE:
March 20, 1997
ACCOUNT:
Sports Marketing Enterprises
P.O. Box 2955
Winston-Salem, N.C. 27102
PRODUCT:
Business License.
DESCRIPTION:
1/2 cost of license for Camel/RJR booth space at
Sands Regency XXIII (June 1996)
AMOUNT:
$300.00
AMOUNT DUE:
$300.00
PAYABLE TO:
Sands Regency Hotel Casino
345 N. Arlington Ave.
Reno, Nv. 89501
DATE DUE:
April 15, 1997
PRIVILEGED MATERIAL REDACTED
51809 5560
4412 Commercial Way . Spring Hill, Florida 34606 . (352) 596-7808 · Fax (352) 596-7441
Visit our website: www.propool.com"
64,image_000066.jpg,"4
INVOICE NUMBER
AMOUNT
DISCOUNT
NET AMOUNT
1993 MERCHANDISING CREDIT
$165,000.00
$165,000.00
CHECK #094544
HACHETTE FILIPACCHI MAGAZINES, INC., 500 West Putnam Avenue, Greenwich, Connecticut 06830
DETACH HERE BEFORE DEPOSITING CHECK
NO.094544
ILISM
HACHETTE FILIPACCHI MAGAZINES, INC.
Hachette
50-037 / 213
Filipacchi
500 West Putnam Avenue
Magazines
Greenwich, Connecticut 06830
DATE
CHECK NO.
NET AMOUNT
PAY
02/03/94
094544
$165,000.00
PAYBIG50QQ ANGO CTS
TO THE
PHILIP MORRIS USA
ORDER
120 PARK AVENUE
NOT GOOD AFTER 90 DAYS
OF
NEW YORK, NY 10017
ATTN: RITA SCHNEIDER
THE CHASE MANHATTAN BANK, N.A.
MinT- 0 Cm
SYRACUSE, NEW YORK
BY
BY
2060304553
⑈094544⑈ ⑆021309379⑆ 601⑉2⑉38892⑈ :unselected: :unselected: :unselected: :unselected:"
65,image_000067.jpg,"MET'. 'DIST HOSPITAL OF MIDDLE MISSISSIPPI
PATIENT BILL
Post Office Box 64
Bowling Green Ro
Lexington, MS 31
(601) 034-1321
TIENT NAME
ACCOUNT NUMBER
ROOM NO.
ADMIT DATE
DISCHARGE DATE!
PACE
ORTON
NATHAN
3121829
11/05/96
11/05/86
1
---
INSURANCE PLANS
HORTON
NATHAN
QUI
1
,
DAUNO DATE
RT 2 6DX 188
3
03
11/10/05;
QUARANTOR
DURANT
MUUBLA
HIS 39063
AGE
DOCTOR NAME
---
MACI
MANICE
Cool
CHANGI DEICHIPTION
QUANTITY
UNIT PRICE
AMOUNT
COMMENTS
25
PHARMACY
29.50
27.
MED-SURG SUPPLIES
51.00
411
43.50
49
0)
RESPIRATORY SERVICE
EMERGENCY ROOM
42.00
54
AMBULANCE
386.60
98
PRO FEE
FOR
36.00
INSUR
PUGPOSES
Total
588.60
INSURANCE DREW
Advance Payment
0.00
PI &
25€
Net Intel
SAG. 50
INSURANCE COPY
TEAMS OF PAYMENT
PLEASE PAY THỊ AMOUNT
WEEKLY I DI FUSE AT PNACHIAROE
000002
CTR MN 030021"
66,image_000068.jpg,"R. J. Reynolds Industries, Inc.
(ICOSI-SAWP)
To JACOB & MEDINGER
1270 AVENUE of the AMERICAS
NEW YORK, N. Y. 10020
To professional services as follows :
(i)
45 1/4 hours of Mr. Jacob's time expended
in January.
$
4,298.75
(ii)
2 hours of Mr. Finnegan's time expended
in January.
150.00
(iii)
25 3/4 hours of Miss Mcclendon's time
expended in January.
1,416.25
(iv)
Mr. Ackerman spent no time on ICOSI-
SAWP matters in January.
$
5,865.00
Disbursements
Telephone
$
.97
Xerox
1.89
Miscellaneous
130.51
Travel Expenses
Paris/Amsterdam
109.02
London
1,917.41
2,216.97
Boston
57.17
Consultants Fees and
Expenses
George Berman
260.78
Prof. Robert Tollison
811.22 V
Prof. Martin Gruber
1,500.00
Prof. Edwin Elton
1,500.00
Dr. S.J. Feinhandler
726.80 V
6,366.80
Edward Harris
308.00
Prof. Robert Nozick
1,250.00
8,573.77
TOTAL
$ 14,438.77
50003 5426
paid
-
3/19
1 :selected:"
67,image_000070.jpg,"TED BATES & COMPANY, INC.
BROWN & WILLIAMSON TOBACCO CORPORATION
PRINT PRODUCTION ESTIMATE
BRAND
KOOL
DATE
MAY 13, 1971
CAPTION
DISCOVER KOOL
EST.
&
KN-FR-71-18
SUBJECT
COLUMBUS DAY
B&W CODE #
PHOTOGRAPHER/ARTIST
JOB
W
K-5213
PUBLICATION(S)
COVER DATE(S)
SIZE(S)
COLOR
FARADE
1971
10 X 12 1/8
4/c
FAMILY WEEKLY
ARTWORK (DETAIL)
ESTIMATED COSTS
ILLUSTRATION (INCLUDING 2 PACKAGES)
1,250,00 :selected:
HOTOLETTERING
175.00 391
75.00 :selected:
MECHANICAL
TYPOGRAPHY
ENGRAVING
FOUNDHY
QUANTITY REPRINTS
PROTOSTATS & COPY PRINTS
10,00
50
NET TOTAL
1510.00
Agency Approval
Date
AGENCY
BECHY
226.50
Client Authorization
Date
COMMISSION
SALES TAX
90.60
Call Report Authorization
#
GROSS TOTAL
1627.10
Production Cost
Against Budget For:
Estimate
Actual
Invoice
Date
Firet Hair 1971
$1027.10
4.
Li
NOTICE EF TEL ILM GLACE TS LESS CLEAR
777097833
THAN THIS SUTLEL. IL IS DUE TO THE
HAT .* * HE MMEET STEG TEMED. :selected:"
68,image_000071.jpg,"THE. INTERNATIONAL HOCKEY LEAGUE
OCT 5 4 41 PH 32
INTERNATIONAL HOCKEY LEAGUE
3850 Priority Way South Drive
Suite #104
Indianapolis, Indiana 46240
PARTNERSHIP
""/17 H
I22810011
INVOICE
TOTAL INVOICE THIS PERIOD
* Mr. Mike Hayes
. R. J. Reynolds Tobacco Company
$30,000
401 North Main Street
Winston-Salem, NC 27102
TOTAL LAST
CASH PAID
BEGINNING
PERIOD INVOICE
THIS PERIOD
BALANCE
N/A
$90,000
DATE
DESCRIPTION
SIZE
LOCATION
RATE
AMOUNT :selected:
9/28/92
Contract No.
$30,000
2054-00-00
APPROVAL
IHL/RJ Reynolds
Atlanta
CONTRACT : 2654.00$ 30,000
CHA
Promotion
Cincinnati
4600-9954-854
%
OR
Cleveland
Fort Wayne
Indianapolis
CB
ABuzzard
Kansas City . Ras
Phoenix
San Diego
RETURN TO LAN
.
$30,000
UM/12
ok
$60,000
This
due 1/1/93
Invoice:
$30,000
51326 5045
PLEASE REMIT TO:
A
FOR INFORMATION PLEASE
International Hockey League
PAY LAST
CALL: 317-573-3888
3850 Priority Way South Drive
AMOUNT
Suite #104
SHOWN IN
Indianapolis, Indiana 46240
THIS COLUMN"
69,image_000072.jpg,"Statement of
Premiums
THE HARTFORD
Office
Date
Code
3/7/86
Philip Morris
Producer Code
25-2185-25-0772
Policy or Bond
Sym.
Number
Effective Date
Due Date
Premium*
Net*
WBR
P 28109
9/86
9/1/86
139,703.00
139,703.00
CSE
C 30223
9/86
9/1/86
26,905.00
26,905.00
CSE
C 30225
9/86
9/1/86
11,007.00
11,007.00
JSE
C 30224
9/86
9/1/86
11,007,00
11,007.00
Total Due
188,622.00
188,622.00
Remarks:
9th. Installment
*""CR"" Indicates Credit
Remit to: Hartford Insurance Group
-
Attn: Frank DeJesu, Supervisor Prem. Accounting Dept.
2063162445
123 William Street, New York, N.Y. 10038
Mr. Bobert Hagendorf
Philip Morris
Please return this statement or write your policy
120 Park Ave.
number on your check made payable to The
New York, N.Y. 10017
Hartford.
Form ACC-453-3 Printed in U.S.A.
(2)"
70,image_000073.jpg,"Reddie & Grose
Davil A. Pean. M.A.
1
Jobe H. Ban BSC.
Chartered Parche Agent
PARcas Sesich M.A.
We shall pay these fees 4 weeks before the Que ""lite
3) THEC .RA
FA & VANILMA
Unless you instruct us otherwise
Trade Mark Apcees
Mukad C. Abct M.A.
11 JAN 1939
16 Theobalds Road
PHIL ENICH MA
Koch E. Gorang H.A.
London WCIX SPL
Nachadan 5 Mars
Telephone 01-242 0990
Lis&J HelMBSE
IMPORTANT - FEE REMINDERS
Fax: 01-242 32.99
Teles 25-445 Reddir &i
Hankmm
Lloyds Punk Pk
High Hưblues Povrch (Co-de 30-94-25)
RENEWAL S: A renewal fre is due on each case identified below on the date shown. If the fees are not paid the cases will lapse. Please
High Halbem
Losbos WCIVIL
let us have your instructions accompanied by a resistance in respect of each case which is to remain in force. Please also advise un
Nestum No. DISSE)
if any case is to lapse. Your instructions must clearly identify cases which are to remain in force and should perferably be noted on
the accompanying copy of this report which is for return to us.
Fabriques -de finit wouniet 54.
EXAMINATION AND WORKING; This report abo sets our dates by which offical search or examinaticen must be requested
on pending applications and details of special requirements on working or proof of use. Please mstruct in ako in respect of these
2.9. 40x 11.
matters ce comule usif you arquite advice.
20)} auchat-1.
All costs shown in this report include VAT where applicable and are our best estimate of consent coss. They ate valgece to changes
Switzerland.
in official fees, exchange rises and other costs beyond our control.
.
Attn. ºr. J. konfiratta
We endeavor to sensind clients of all fees due but we cannot accept responsibility an the event of mon-receipt of a pensionder, Please
be sure to inform us of any change of address.
Fees Remimier
Your Case Ref.
Yr No
OUP
Amount
*******
(Sterlin)
ITALIAN Patent No 10/6151 (2079P1/77)
LM252/4
1}
1 M497 9
35 -. : 14
FARINGE. DE TABAC REJNIES S.A.
AUSTRALIAN Patent Anpln. No. 51172/86 (579060)
FTR0055
4
5 NAH 89
126.12
FABRIQUES DE TABAC NEJNIES S.A.
VENTILATED CIGARETTE
E:ROPEAN Patent AppIn. No. 85301534. 5 (0193670)
:
FTR 0055
5
V NAH 99
299.79
FABRIQUES DE TABAC REWNIES S. A.
.
VENTILATED CIGARETTE
.
FINNISH Patent Appin. No. 940966
055
4
7 442.49
136.04
FABRIQUES DE TABAC REJNIES S. A.
VENTILATED CIGARETI
AUSTRIAN Patent No 354439
LM252/4
0
15 442 49
264.59
LIGGETT & MYERS INC.
Fitu'll Patent No 780/354
17795
12
17 7AH 44
234.95
PASSKI QUE'S DE TABAC MEUBLES
ITALIAN Patent
11275
1/ 94 99
:15.94
THIS IS NOT AN INVOICE
2501336612
""[]=) [+]: Patent > >>3 (1)//4)
1.235
14
720.00
LIJKT !"".
11 JAN 1599
Please pay
Faleiget de Tabac Réunies S.A.
PLEASE NOTE YOUR INSTRUCTIONS ON THIS COPY AND RETURN
Polem Department
15LITRA JA HYL FIFA1 :unselected:"
71,image_000074.jpg,"STEIPH PHOTOGRAPHICS
3703-C ALLIANCE DRIVE
INVOICE NUMBER: 6024861
INVOICE DATE: 06-24-86
GREENSBORO, NC 27407
CUSTOMER: A101
QTY
ITEM NO.
DESCRIPTION
UNIT PRICE
NET AMOUNT
0.5
P1001
PHOTOGRAPHY FEE - SHOOT/
1500.00
750.00
(1/2 DAY) 6/06/86
0.33333 P1002
PHOTOGRAPHY FEE - PREP/
750.00
250.00
(1/3 DAY) 6/05/86
SUB TOTAL
1000.00
TERMS: DUE AND PAYABLE ON RECEIPT
TAXES
0.00
LONG, HAYMES & CARR INC.
TOTAL
1000.00
140 CHARLOIS BLVD. , BOX 5627
WINSTON-SALEM, NC 27113
PAID
0.00
BALANCE
1000.00
51328 6400 :selected:"
72,image_000075.jpg,"(11300/2)
933659
RECEIVED
1
113042
COVINGTON & BURLING
1201 PENNSYLVANIA AVENUE, N. W.
P. O. BOX 7566
JUN 4 1991
WASHINGTON, D. C. 20044
M. O. POTTORFF
-
TELEPHONE
(202) 662-6000.
EMPLOYER IDENTIFICATION NO.
53-0188411
19750-3
STATEMENT
ACCOUNT NO. :selected:
DATE
May 31, 1991
PHILIP MORRIS MANAGEMENT CORPORATION
To cover the statement of Healthy Buildings
International relating to the quarterly
consulting fee for script writing, editing
and preparation of HBI Magazine (covering
the period May 29, 1991, to August 28, 1991) . . $ 50,000.00K
JPR/ceb
. KAY to Post
91 JUN-5 TH 2:50
009.06061200-3010000 0R
9-301- 612
78
May Battery 4/4/91
6-5-91
Re: Communications
MB
Recepting, editing
6/5/91
admin fel - General
2029370037
PLEASE RETURN ONE COPY WITH PAYMENT"
73,image_000076.jpg,"CUSTOMER NO.
LEDGER
DIV.
VENDOR NO.
CREDIT DATE
1027700005
44
0525
0000038430
01/20/95
SOLD TO
SHIP TO
ASHLAND SPECIALTY CO
ASHLAND SPECIALTY CO
PO BOX 57
2200 FRONT STREET
ASHLAND
KY41105
ASHLAND
KY41105
THIS IS NOT A CREDIT MEMO - CHECK ATTACHED
QUANTITY
( IN THOUSANDS)
BRAND NAME
AMOUNT
27
SATIN 100
1,510.65
12
NPT STRP N
671.40
72
TRUE MEN K
4,028.40
102
TRUE MFN 1
5,706.90
42
NPT LIGHTS
2,349.90
60
MAX FIL 12
3,357.00
18
MAX MEN 12
1,007.10
60
KENT GL 10
3,357.00
72
STYLE LT 1
4,028.40
60
STYLE MNLT
3,357.00
48
NPT 100 BO
2,685.60
156
STYLE SL F
8,728.20
174
STYLE SL M
9,735.30
TOTALS-
903
50,522.85
LORILLARD PLUS DISBURSEMENT IS
$1.30 OF TOTAL QUANTITY - THANK YOU
GROSS ANDUNT -
1,173.90
NET AMOUNT -
1,173.90
GROSS AMOUNT REFLECTS LIST PRICE AS OF PURCHASE DATE
95602745"
74,image_000077.jpg,"TM
T/MINVOICE
Marth wall
4/18/95
To:
Mr. Mark Walchak
DATE: April 3. 1995
PHILIP MORRIS U.S.A.
PM #: 701
P.O. #: N84627
Invoice #
12241
Line#: 2
Job #
12624
BUDGET: $4000 - $5000
TO PRESENTATION
FOR CREATIVE AND/OR PRODUCTION PROFESSIONAL SERVICES RENDERED IN CONNECTION WITH
THE DESIGN DEVELOPMENT FOR:
Project EZ #1373 (T. Garguilo) Shorewood Meeting 1/27/95
PROFESSIONAL SERVICE FEE""
$2,550
OPC's (OUT OF POCKET COSTS)
$1,888
TOTAL AMOUNT DUE
$4,438
Previous Billing History:
Invoice Date
Invoice #
Invoice Total
2041531460
IF APPLICABLE, ADDITIONAL OPC's WILL BE BILLED AT A LATER DATE.
*PROFESSIONAL SERVICE FEE IS ROUNDED TO THE NEAREST DOLLAR.
TERMS: NET 15 DAYS FROM DATE OF INVOICE. PAST DUE ACCOUNTS SUBJECT TO 1.5% PER MONTH
SERVICE CHARGE.
.NNL MEANEW 1%."
75,image_000078.jpg,"BRENHAM
WHOLESALE
ACTWEST FIRST ST .- F.O.BOX 504
OXINHAM, TEKAS77824-0564
DATE:
GROCERY CO.
Phone214013424-7725
SOLD TO:
ACCOUNT NO .:
ADDRESS:
SALESMAN NO .:
CODE
QUANTITY
PRICE
SIZE & DESCRIPTION
666-4122
Maverick Menthol Box 80's.
666-4130
Maverick Menthol Box 100's
666-4188
Maverick Menthol Light Box 80's
666-4155
Maverick Menthol Light Box 100's
96156367"
76,image_000079.jpg,"Bozell Worldwide, Inc.
40 WEST 23RD STREET
NEW YORK, NY 10010-5201
INVOICE DATE MAY24/99
INVOICE PRO5-001122
DUE DATE
JUN13/99
PAGE
1
CLIENT
LRL
LORILLARD TOBACCO COMPANY INC.
LORILLARD TOBACCO COMPANY INC.
PRODUCT
YSPP
YOUTH SMOKING PREVENTION PROG.
YOUTH SMOKING PREVENTION PROM.
JOB NUM
06007 Research - Focus Groups
714 GREEN VALLEY RD, BOX 10529
FISCAL YR
1999
GREENSBORO NC 27404
ATTN: VICTOR LYNDSLEY
This is a Progress Bill
Invoice Amt
Non-Commissionable Charges
39,134.10
Commissionable Charges
0.00
Agency Commission
0.00
Invoice Amount
39,134.10
PLEASE PAY THIS AMOUNT 39,134.10
Matasha C Ball 6/15/99
Victor trimblex 6/05/06
Previously Billed
0.00
Remit To:
BOZELL WORLDWIDE, INC.
P.O. BOX 198261
ATLANTA, GA 30384-8261
86087487
ORIGINAL"
77,image_000080.jpg,"INVOICE
SMSi.
INVOICE NO.
205
CUSTOMER NO.
PM
BILL TO:
SHIP TO:
Philip Morris
Philip Morris
Attn: Willie Smith, Asst Brand Mgr
120 Park Ave
120 Park Ave
New York, NY 10017-5592
New York, NY 10017-5592
INV.DATE
TERMS
11/03/93
NET 10
P.O. NUMBER
SALESPERSON
REH
UNIT
EXTENDED
QUANTITY
ITEM DESCRIPTION
PRICE
PRICE
B&H SP KNG
(23000ALL00-4010-
)
280832.00
Benson & Hedges Special Kings Promotion
Expense Invoice #15
(1) Administration
= $ 280,832.00
Applicable corporate administration expenses for
executing above program from Jan 1 - Sept 30, 1993.
Please Remit Payment To:
Segmented Marketing Services, Inc.
Post Office Box 580073
Charlotte, NC 28258-0073
2044374020
INVOICE TOTAL
280832.00
Por-0001"
78,image_000081.jpg,"COVINGTON & BURLING
1201 PENNSYLVANIA AVENUE. N. W.
P.O. BOX 7566
WASHINGTON. D.C. 20044
TELEPHONE
(202) 662-6000
EMPLOYER IDENTIFICATION NO.
53-0188411
ACCOUNT NO.
19750-3
STATEMENT
DATE
May 30, 1995
PHILIP MORRIS MANAGEMENT CORPORATION
To professional services rendered during March
1995 in connection with the Seckler matter
Fee
$ 7,049.18
Share of Philip Morris Management Corp.
$ 1, 762,29
JPR/ceb
2041222816
PLEASE RETURN ONE COPY WITH PAYMENT"
79,image_000082.jpg,"FORM NO. P.O. 1018 LT-11-70.
(
(
4/24/72
NEW YORK 10017,
April 24,
19 72
LORILLARD
200 EAST 42nd STREET
TO.
HAZELTON LABORATORIES, INC.
P. O. BOX 30
FALLS CHURCH, VIRGINIA 22046
CHEMESOL PROJECT-PROPORTIONATE SHARE
OF INDUSTRY COSTS FOR TESTING BY
HAZELTON LABORATORIES
$514
14
514
14
00$55443 :unselected: :unselected: :unselected: :unselected: :unselected: :unselected: :unselected: :unselected: :unselected: :unselected:"
80,image_000083.jpg,"TED BATHS & COIFANY , ING.
BROWN & WILLIAMSON TORACCO CORFORATICH
PRINT PRODUCTICH ESTIMATE
BRAND
KOOL
DATE
DECEMBER 18,1970
CAPTION
EST. #
KM-PR-71-9
SUBJECT
ART ILLUSTRATION
BAW CODE
PHOTOGRAFIEER/ARTIST
JOB
5
K-4139
PUBLICATIONS
COVER DATE(S)
SIZE(S)
COLOR
TEST AD
1971
9 3/8 X 12 1/8
4/C
ARTWORK (DETAIL)'
ESTIMATED COSTS :selected:
ENDRING OF MAIN ILLUSTRATION & PACKAGE
700,00 * *
HOTOLETTERING
70.00
""C"" PRINT FOR COMPREHENSIVE
40.00
NECHANICAL :selected:
75.00
TYPOGRAPHY
PRGRAVING
***
QUANTITY REPRINTS 1600 REPRINTS 4/COLOR
1,265.00 :selected:
PHOTOSTATS & COPY PRINTS
10.00
Juht
NET TOTAL
2160.00
Agency Approval
Date
AGENCI
COMMISSION
Client Authorization (M
Date
SALES TAX
129.60
all Report Authorization
""IF AD GOES NATIONAL VEE INCREASES $550.00
GROSS TOTAL
2289.00
Production Cost
Against Budget For:
Estimato
Actual
Invoice #
Date
First Half 1971
$2209.60 :selected:
NOTICE IF TER IL! TUGHE IS LESS CLEAR
77709
THAN TIELS NOTICE. IT IS DUE TO THE
7 80 :unselected:"
81,image_000084.jpg,"LEO BURNETT U.S.A.
& DIVISION OF LAD BUANETT COMPANY, INC.
ADVERTISING
OUTDOOR
ESTIMATE RECAP - 0003(S)
PERIOD
DATE
05/03/96
01/01/93 TO 12/31/95
PAGE
1
CLIENT:
P.M. INC.
OFFICE: 10
DESC: 777A (HSOP) 30 SHEET
EŞT NO:
5172 REVISES EST DTD 03/04/96
PRODUCT :
TOTALS BY
PRODUCT/MRKT/S ZON
/MONTH
10-MARLBORO
SHOWING DATE
EST AMT
EST ANT
MRKT/S ZON
PERIOD
AMOUNT
CHANGE
THO-NEW YORK
MAY 1995
47.005.29
QUARTER 2
47,005.28
JUL
47,005.29
SEP
47.006.29
QUARTER 3
94,010.68
TOTAL
141.015.87
200-MIAMI
NAY 19BG
4,007.50
QUARTER 2
4,867.50
JUL
4,887.50
SEP
4,867.50
QUARTER 3
9,735.00
TOTAL
14,602.60
3NO-DALLAS/F WO
MAY 1995
9,086.00
QUARTER 2
9,086.00
JUL
9,086.00
SEP
9,088.00
QUARTER 3
18,172.00
TOTAL
27,268.00
3PO-ALBUQUERQUE
MAY 1995
12,527.66
QUARTER 2
12,527.66
JUL
12,527.66
QUARTER 3
12,527.66
TOTAL
25,055.32
300-HOUSTON
MAY 199G
7,847.00
QUARTER 2
7,847.00
JUL
7,847.00
SEP
7.847.00
QUARTER 3
16,694.00
TOTAL
23,541.00
2084020209
3SO-SAN ANTONIO
MAY 1995
24,975.68
QUARTER 2
24,075,68
JUL
23,694.09
QUARTER 3
23,594.09
NOV
86.53-
FORM MOTA REV 04-14-03 :selected:"
82,image_000085.jpg,"ACCOUNTING OFFICE
LORILLARD
INVUILE / SIRIEMENI NUMBER
LJUYCC
38 NEWBURY STREET
BOSTON, MASS. 02116
566 FIFTH AVE
AGENCY NUMBER L= 6040PAGE NUMBER
1
TEL. 617-266-2141
NEW YORK, NY
101.1
RSP
12 01
PRODUCT
NEWSPAPER
NSCHT
COLUMN
LOS
NO
LAU
RATE
DAIT
CLE
3DE
BOLLARSI
NOTE
1POM
TOTAL
CHARKK
COTE
NET QUE
CASH
DISCOUNT
AUDIT NUMBER
IST
TRUE
CIG
JANESVILLE/SELPIT-METRO UNIT
JANESVILLE.NI.
:
:
50765E
31-3u
3-10.5
03270
34105
28990
503320406
0585
PART PAIU
303.27
25779
TOTAL JANESVILLE/ASLOIT-METRO UNIT
REMAINS QUE
3779
3212
31.50
3779
3212
00
G
:
UNEARNED
CASH DISC-UNT
TOTAL UNEARNED DISCOUNT
20487
CHECA NO .: 072747
.00
2475
24Ts
2475
00
502396599
G
TOTA
OVER 90 DAYS: CLO
6254
5607
00
NEWPORT
CORTLAND NY
TOTAL CORTLAND NY STANDARD
1231862
NEWSPLAN-SH
9856
9856
8378
9856
1378
CO
707376001
0387
.00
0
TRUE, CIG
TOTAL GASTONIA NC GAZETTE
GASTONIA NC
32507E
52.00
+-13
131 404
Pd 4-24-87
580,79
00
T08216703
0387
52.00
29928
55079
0
LANDON ASSOCIATES, INC.
INVOICE / STATEMENT DATE
4/30/87
ACCOUNTING OFFICE
LORILLARD
INVOICE / STATEMENT NUMBER
150982
38 NEWBURY STREET
BOSTON, MASS, 02116
666 FIFTH AVE
AGENCY NUMBER L86040PAGE NUMBER
2
TEL. 617-266-2141
NEW YORK, NY
101 03
RSP
12 01
PRODUCT
NEWSPAPER
MIRT
DANE
4
2
COLUMN
LMILL
TAU
RATE
FLOW
TOGAL
INO:
CLE
SIZE
DONE
NOTE
CHARGE
COST
NET DUE
CACHI
CESCEANG
AUDIT NUMBER
DRUL CATI
:
TRUE CIG
Pd 4-28-89
TOTAL HICKORY NC RECORD
HICKORY NC
325874
22.00
52.00
4-13
93800
46776
41460
41460
00
709643109
0387
0
187.76
TRUE CIG
TOTAL SALISBURY NC
SALISBURY ""NC
POST
325872
22.00
4-13
105000
Pd 4-28-87
551:20
46052
707655701
52.00
551-20
4-08-52
00
0387
0
TRUE CIS
TOTAL ROCK HILL SC-
BOCK HILL SC
497.69
707554204
THE HERALD
325872
22.00
+13
112 600
84 -4-28-87
56552
0387
52.00
58592
49769
00
0
TOTAL OVER 30 DAYS OLO
TOTAL OVERQUE
240632
204538
:00
BALANCE
296836
2102-25
00
TRUE CIG
GASTONIA NC
TOTAL GASTONIA NC GAZETTE
429874
2.00
52.00
4-13
131 400
1583-20
58079
718992108
603:28
58079
NET 30
0487
0
:00
LANDON ASSOCIATES, INC.
INVOICE / STATEMENT DATE
4/30/87
ACCOUNTING OFFICE
LORILLARD
INVOICE / STATEMENT NUMBER
150982
38 NEWBURY STREET
BOSTON, MASS, 02116
666 FIFTH AVE
AGENCY NUMBER L36040PAGE NUMBER
3
TEL. 617-266-2141
NEW YORK, NY
10103
RSP
12 01
PRODUCT
NEWSPAPER
MH=
O
COLUMN
UNCU
MACH
SAU
GTE
SZE
RATE
OSWARM
NOTE
SPECIAL
CHARGE
TORAL
COST
NET DUJE
CACHE
DATE
CESCOUNT
AUDIT NUMBER
IST
DEL OM
TRUE CIG
SALISBURY NC
429878
52.00
4-13
L06000
t+
*
TOTAL SALISBURY NC
551.20
ES125
468.52
937
46852
997
717947601
0487
POST
52.00
3.0
0
2$ 10 NET
:
:
:
O TRUE, CIG
ROCK HILL_SC
TOTAL ROCK HILL SC-THE HERALD
42987E
23.09
4-13
112600
49769
9.95
718436909
0487
52.00
56562
56552
49769
995
2% 15
NET 30
0
=
:
TOTAL CURRENT
182000
154700
1932
SERVICE CHARGE ON OVERDUE SAL OF
ON OVERDUE
13187
35-19
35-19
91572580
GAL
OF
43037
502127499
TOTAL SERVICE CHG ON OVERDUE SAL
3153
6671
ELZŁ
721788899
6511
00
TOTAL OVERQUE BALANCE
TOTAL CURRENT
246336
210225
00
TOTAL SERVICE CHG ON OVERDUE JAL
La2000
#547:00
1932
TOTAL NET QUE
: 6671
6511
02
435557
371555
1932"
83,image_000086.jpg,"#1948
OUTGOING MAIL
L
CRC
REGISTER
L
CONTRACT RESEARCH CENTER
B.V.B.A./S.P.R.L.
Business Administration*
B-1932 Zaventem
746
Geadresseerde/Adressée:
Tollaan/Avenue du Péage 101c
Telefoon/Téléphone: 02-720 55 94
TELEFAX.
Telefax/Téléfax: 02-725 12 09
Fläkt
t. a.v. Dhr. Van den Eynde
Hermann Debrouxlaan 17
B-1160
Brussel
JGB/MJV
Bestelling Nr./Commande No .:
(gelleve deze referty in leder govel op de faktuur te vermistdoly
79/92
Datum/Date:
28 jan. 92
veuillez sans exception reprendre cette rirfrenos sur le feature)
aankoopvoorwaarden: zie
brief van 29 apr. 91
POSITIE
HOEVEELHEID
EENHEID
ARTIKELOMSCHRIJVING.
PRIJS
POSITION
QUANTITE
UNITE
DESIGNATION D'ARTICLE
PRIX
5
(BF)
1
Inbouwen van een door U
geleverde koelbatterij
en een absoluutfilter in het
luchtkanaal proceslucht
met inbegrip van redukties,
moffen, flexibels, ondersteun
voor absoluutfilters en her-
stellen van isolatie
27,700 .-
TOTAAL:
27.700,-
========
2028701067
Dit is onze schriftelijke bevestiging van ons telefonische onderhoud
van 28. jan. 92 met Dhr. Van den Eynde. .
Bilder
Leveringstermijn/Délai de livraison;
31 jan. 92
J. Van den Bulcke
Leveringsvoorwaarden/Conditions de livraison:
franko
Management Accountant
Betalingswijze/Mode de palement:
3 * bij kontante betaling"
84,image_000087.jpg,"OBI
RECEIPT MAIL
REGISTER
lin
zevenpuntenecrant 18
tel. (011) 61 30 22
3690 ZUTENDAAL
fax (011) 61 30 72
BVBA
AB
FUN CHEMICALIEN F GLASBLAZERU . TOESTELLEN . LABORATORIUMMATERIAAL
LUMAC LSC-PRODUKTEN
ADRESSE DE LIVRAISON - LEVERINGSADRES
ADRESSE DE FACTURATION - FAKTURATIEADRES
DATE -IN
CRC bvba
Tollaan 101c
3 1.1122. 1392
CRC bvba
Tollaan 101c
1932
ZAVENTEM
1932
ZAVENTEM
FAKTUUR
A MENTIONNER LORS DU PAIEMENT SVP. Y TE VERMELDEN BU BETALING A.U B
. BON - BON NR
NO TVA . BTW NR
DAIF . DAIL MI
435.085.085
202005
92158
24-03-1992
PRIX UNITAIRE.
COST
FICLE
DESIGNATION
TV4
TIKEL
OMSCHRUVING
QUANTITE
HOEVEELHEID
EENHEIDSPRIJS
MONTANT
֏
BEDRAG
HTV
160/92
B8143
ACETONITRILE HPLC 2. 5L
1
4900
4900
4
4900
2028724282
00%
065
19%
4900
SOUSTOTAL
POURTOTAAL
ER
4900
931
TOTAL TVA
TOTAAL BTW
931
TOIM APWER Y TOINM H HEIMEN
*5831*
ECHEANCE Y VERVALDAG
""
30-04-1992
BTW 427.574.614
HRT 49 290"
85,image_000089.jpg,"0
F
\NBIFO Institut für biologische Forschung GmbH
inSIFO
T S. OSDENE
Vertragsforschung
Kaufmännische Verwaltung
JUL 2 1987
Telefon: (0 22 03) 303-1
Telex: 08 874 675 inbi d
Telefax: (0 22 03) 3033 62
INBIFO Institut fur biologische Forschung Fuggersiralle 3 D-5000 Köln 90
Dresdner Bank AG Koln
Kto: 3 922 741 (BLZ 370 800 40)
FABRIQUES DE TABAC REUNIES S. A.
Stadtsparkasse Köln
P. O. Box 11
30 122 154 (BLZ 370 501 98)
Postscheck Koln
Kło/ 1320 82-504 [BLZ 370 100 50)
CH-2003 Neuchatel
Arrived
June 15 1987
Ihr Zeichen
SWITZERLAND
Approved for
Ihr Schreiben
paymont
June 16 1987
Unser Zeichen
AEB/IBM BM55B3
Ref. No.
0500/3059-5119
Ragnar Rylander
Köln
May 29,1987
RECHNUNG
Nr .: 87014
Tel .- Durchwahl
Bei Zahlung bitte angeben
(0 22 03) 303314/15
Preis:
DM
Betr .: Research work May 1987
3059 Headspace Analysis of Whole Smoke
644, --
3063 PAH Determination in Condensate
62
3068 10th Skin Painting, Mouse (PT)
16.841
3100 General Activities and Expenses
61.639,
3111 80-Week Dermal Application of Mainstream
125, --
3115 80-Week Dermal Application of Mainstream
636, --
3118 Mutagenicity of Tea Infusions on Salmonella
250, --
3120 Tumorigenicity of Mainstream Whole Smoke
89.916, --
3123 Comparative 21-Day Inhalation Study
80.342, --
3124 3-Day Inhalation Study with Sidestream
5.312, -=
3125 Comparative 21-Day Inhalation Study
17.548, -=
3126 3-Day Inhalation Study with Sidestream
182.477, --
3127 Comparative 90-Day Inhalation Study
130.474, --
3129 Mutagenicity of 3-Hydroxycotinine on
Salmonella Typhimurium Strains
43.712, --
5022 Determination of Nitrate and Nitrite:
3.845, --
5026 Testing of a New Developed Smoking Machine
1.099, --
5044 Natural Killer-Cell Activity
1.135, -=
5052 5-Day Inhalation Study with New Exposure
Chamber
1.911, --
5053 Analytical Evaluation of Smoke Components
in the Exposure Chamber
4.040, --
C
5065 INBIFO Transformation Assays
3.117, --
5069 Establishment of a Method for the Pre-
2001225828
paration of Nuclei for the Flow Cytometric
Determination of DNA
731, --
5070 Flow Cytometric Analysis
11.932, --
5075 Establishment of an in vitro DNA Adduct
Formation Assay
775, --
carry over
658.563, --
Zahlbar 10 Tage ohne Abzug
Str der Gesellschaft. Koin HR B 3ST
Geschaftsluter: Or med. Utrich Hackenberg
D"
86,image_000090.jpg,"50988 2418
CHECK NO.
0378167388
DATE
07/27/88
INVORIT Nn.
W.FRISS ANNIIN!
07/23/88
$80,683.00
$80,683.00
R. J. REYNOLDS TOBACCO USA
PAYMENT
*80.683.00 *
00279909
DETACH THIS STUB BEFORE DEPOSITING CHECK.
R J REYNOLDS TOBACCO USA
WINSTON-SALEM, NC 27102
410 0178167388
E
PAY EIGHTY-THOUSAND-SIX-HUNDRED-EIGHTY-THREE DOLLARS AND DO CENTS
07/27/88
UNIVERSITY OF COLORADO
$80,683.00
R. J. REYNOLDS TOBACCO USA
Charlie
WACHOVIA BANK & TRUST CO. N.A.
66-49
WINSTON-SALEM, N.C.
531
⑈0178167388⑈ ⑆053100494⑆018737 001770⑈"
87,image_000091.jpg,"NEW YORK POST
P.O. BOX 4071
ADVERTISING STATEMENT
CHURCH STREET STATION
NEW YORK, N.Y. 10249
ACCOUNT: N52335
4C4
10
NATIONAL
FEBRUARY 1983
MCA-GRAHAM ADV.
PERIOD ENDING: 02/28/83
LORILLARD
STATEMENT NO. :
1804
PLEASE PAY AMOUNT DUE BY 15TH OF THE MONTH
PAGE :
1
AD
TOTAL
UMREP.
DESCRIPTION
PAPER
DATE
SIZE
LINES
RATE
AMOUNT
BALANCE FROM PREVIOUS BILL
663.00
MCA ADV CK 015631
06/30
02/28
663.00
BALANCE FORWARD
.00
CURRENT CHARGES
09438201
SATIN DOUBLE PACK
MON
02/14
7
200
1400
10.3000
14,420.00
09438201
10% OFF PG 20 1400 L
02/14
02/14
140-
1,442.00
09453501
SATIN
WED
02/16
7
200
1400
10.3000
14,420.00
09453501
1C% OFF PG 12 1400 L
02/16
02/16
140-
1,442.00
09536401
#5630 TELEPFONE
MON
02/21
7
200
1400
10.3000
14,420.00
09536401
10% OFF PG 121400 L
02/21
02/21
140-
1,442.00
09538201
#5634 SPOIL YOURSELF WITH SA
WED
02/23
7
200
1400
10.3000
14,420.00
C953 201
1C% OFF PG 12 1400 L
02/23
02/23
140-
1,442.00
39582101
SATIN
MON
02/28
7
200
1400
5.1500
7,210.00
09588101
1CZ CFF PG 39 1400 L
02/28
02/28
140-
N/C
721.00
tolinos
TOTAL CHARGES
Paying
LESS 15% AGENCY DISCO
EST #
0635-2302
038280
2/14,2/16/2/21
3/23 - ar
Vecchene
6300
TOTAL
58,401.00
VOUCHER #
8,760.15
NET CURRENT CHENDOR &D.
NYPOST
Taxe
Lux
49,640.85
APPROVAL
DATE
2/2.8-
charge- makegrad y's 2/2
TOTAL AMOUNT
CREATIVE
DATE
49,640.85
ACCOUNT.
DATE
400.00
PT
Lex= 45,696.20
/ wes
19
89723065
** CONTRACT RATES MAY BE SUBJECT TO REBATE
$150
For Proper Credit Please
Return This Stub With Your Payment.
NATIONAL STATEMENT # 1804 02/28/83
1
ACCOUNT
DATE
AMOUNT DUE
If you have any questions regarding your statement
NUMBER
DUE
please call your sales representative (212) 349-5000
NEW YORK POST
MCA-GRAHAM ADV
₦52335
02/28/83
$ 49,640.85
LORILLARD
10921:20
405 LEXINGTON AVE
NEWS GROUP PUBLICATIONS, INC.
NEW YORK
NY 10017
P.O. BOX 4071
43696.80
1/03/30
4369620
CHURCH STREET STATION
TOTAL
$49,040.85"
88,image_000092.jpg,"RECEIVED
CENTER FOR INDOOR AIR RESEARCH
OCT 0 4 1995
A. W. S.
INVOICE
October 1, 1995
Lorillard Corporation
P.O. Box 21688
Greensboro, North Carolina 27420-1688
Attention: Dr. Alex W. Spears
October assessment for CIAR
any
$47,770.00
89273148
1099 Winterson Road, Suite 280
Linthicum. Maryland 21090-2216
(410) 684-3777 Fax (410) 684-3729"
89,image_000093.jpg,"CORNELL UNIVERSITY
Statutory Finance and Business Service
Restricted Fund Accounting
R
D
B-4 Mann Library Building
Ithaca, NY 14853-4301
(607) 255-6527
JAN 2 4 1990
CENTER FOR INDOOR
ADDRESS :
Invoice Number :
AIR RESEARCH
6
Pamela Phillips
Period Covered:
12/01/89-12/31/89
Center for Indoor Air Research
Award:
249,869.00
1099 Winterson Road, Suite 280
Received to date:
23,024.93
Linthicum, MD 21090
Balance:
226,844.07
PROJECT: Effects of Smoking Regulation and Building Ventilation
STATEMENT OF EXPENDITURES
EXPENDITURES
Current
Cumulative
SALARIES & WAGES
3,361.79
17,048.47
FRINGE BENEFITS (25%
798.08
4,148.18
NONSTUDENT S&W)
APPROVED FOR PAYMENT
EQUIPMENT
alp
0.00
19,267.96
Jaas
COMMUNICATIONS
Done
1-25-90
Vendor #
88-110
268.34
981.04
TRAVEL
Account #
001-99-01
83.29
944.29
640288
FILT
Amount
0.00
0.00
Vendor #
LEASE & RENTAL
88-004
Account #
32.00
160.00
REPAIR & MAINTENANCE
Amount.
Chart. 4
0.00
120.00
SERVICES
Site Jdie
33.65
629.40
PRINTING
67.30
77.30
SUPPLIES
422.85
2,076.70
CONFERENCES
55.00
70.00
2023526770
OTHER
0.00
0.00
INDIRECT COSTS
1,280.58
6,563.86
TOTAL EXPENSES
6,402.88
52,087.20
Amount Due Cornell :
6,402.88
Additional Comments:
Lynne Perman
Cornell Acct. No:
327-8344-340
Prepared By :
Acct Receivable:
827-0153
Lynne R. Lehman
Source Code :
7200
Accounts Coordinator
Date:
01/22/90"
90,image_000094.jpg,"Inn Suites Hotels
Circle K
3640 N. Miller
Scottsdale, AZ
85257
Store # 195
From: Michael W. Grap
2241 N. 74th WAY
Scottsdale, AZ
51751 5696
85257
call
800-842-4242
""Your Sulte Choice Reservations""
Tempe/Phoenix Airport, Tucson, Yuma, Phoenix/Scottsdale,
Ontario/LA, Rooky Point, Mex., and more . .."
91,image_000095.jpg,"LEO BURNETT U.S.A.
A DIVISION OF LEO BURNETT COMPANY, INC.
ADVERTISING
NEWSPAPER
ESTIMATE RECAP - PN05
PERIOD
DATE
01/01/96 TO 12/31/96
01/10/97
PAGE
1
CLIENT: P.M. INC.
OFFICE: 10
DESC: 703A MILITARY NEWSPAPERS
EST NO:
6004 REVISES EST DTD
12/13/96
TOTALS BY MRKT/S ZON /PRODUCT/MONTH
MRKT/S: ZON
3GO-NEW ORLEANS
EST AMT
EST AMT
EST AMT
PRODUCT
PERIOD
AMOUNT
CHANGE
LESS C/D
10-MARLBORO
FEB 1996
875.27
875.27
QUARTER 1
875.27
875.27
MAY
1,284.40
1,284.40
JUN
875.27
875.27
QUARTER 2
2,159.67
2,159.67
JUL
875.27
875.27
AUG
875.27
875.27
SEP
642.20
642.20
QUARTER 3
2,392.74
2,392.74
OCT
642.20
642.20
NOV
642.20
642.20
642.20
QUARTER 4
1,284.40
642.20
1,284.40
TOTAL
6,712.08
642.20
6,712.08
2084022005
FORM MOTA REV 04-14-83"
92,image_000096.jpg,"·PETERSEN.
INVOICE
PETERSEN PUBLISHING COMPANY
THING COMP
1310702
PLEASE REMIT TO:
PETERSEN PUBLISHING CO.
SOLD TO. LORILLARD MEDIA SERVICES
P.O. BOX
2319
C/O BETTY EPPERSON
NEW YORK, NY
10257-2319
666 FIFTH AVE
NEW YORK
NY 10103
RETURN DUPLICATE WITH REMITTANCE
ACCOUNT . LORILLARD CORP DIV
* TERMS: NET 30 DAYS.
3012306
2% ON NET SPACE CHARGE ONLY IF PAID
WITHIN 10 DAYS.
SALESMAN
PAG
PUBLICATION
WORK
ORDER NO.
ISSUE
DATE
INVOICE NO.
CLIENT AUTHORIZATION
BARTON
HOT ROD
0051
MAR-87
02/11/87
162212
I012348R
DESCRIPTION
LINES""
AMOUNT 7 BUS
COLORATION: 4C
POSITION: C2
AD SIZE
1 PG
27,702.00
DISCOUNTS :
PMN
AGENCY COMMISSION
6.0 %
1,662.12
3,905.98
NET SPACE
22,133.90
PIE EAT
NEWPORT
MAGAZINE
NHOTR
BRAND
W
New
ISSUE
3-1-87
4.68
HISERTION
1
EDEMATE
DIV NO
16-111
1
OK
estimate
INV DATE
2-11-87
Sim,
AMOUNT
71692.42807
21691.22
PA'D
DATE
2/24/87
2/24/87
22,832.86
CHECK
# 3401
AMOUNT
22,133.90
00
F065078
(EXPLANATION OF BILLING)
CONTRACT YEAR. FROM 01/87 THAU 12/87
RATE CARD NO .: 054 Z
FREQUENCY:
1
RATE ESTABLISHED BASED ON: . CONTRACT ORDER
AS EARNED
x
AD TYPE: PETERSEN MAGAZINE NET
NOTICE: IF YOU HAVE PREVIOUSLY PAID FOR THIS INSERTION PLEASE DISREGARD
THIS INVOICE. IT HAS BEEN PREPARED FOR YOUR RECORDS ONLY.
CUSTOMER'S COPY :selected: :unselected:"
93,image_000097.jpg,"FORM NO. P.O. 1013
LT-3-80
NEW YORK 10103
MARCH 30
1982
LORILLARD
A Division of Loews Theatres, Inc.
666 FIFTH AVENUE
TO
SHOOK, HARDY & BACON
1101 WALNUT
KANSAS CITY, MO 64106
TOBACCO LITIGATION FILE
$15,000
00
(SPECIAL ACCOUNT NO. 3)
,
Industry Expense
7
€
Sla 4/1/82
.
1
85649784 :unselected: :unselected: :unselected: :unselected: :unselected: :unselected: :unselected: :unselected: :unselected: :unselected:"
94,image_000098.jpg,"03/11/96
12:35
09107274902
W. KLEIN & ASSOC.
2003/003
wka
Walt Klein Assoc., Inc.
INVOICE
Brennan Dawson
Number
16033
Unified Program
Date
3/8/96
cio The Tobacco Institute
PO#
-
1875 I Street NW
Charge#
-
Washington, DC 20006
Job Name:
Fulfillment Materiais Production Phase II
Agency Contact:
Doug Anderson
Description
Billing for Printing of Fulfilment Materials for work-in-progress. invoice s based or half the estimated
printing costs, par the budget for materials production for all kit componer's Balances for kt
component quantities will be invoiced aa products are delivered to WKA ara or print production 's
completed and verified.
Printing
$1,172,740.80
tam
Pins
Quantity
1/2 Estimata
90.000
$6.0.900.00
Window'door deca's
300.000
$1 . 8,200.00
Short run calendar reprint
€0,000
$25.893.5€
Calendar repr-nt
150,300
$294.837.50
Counter signs
300.000
$:09.950.00
Age of Purchase Stickers
600.000
== 5.85C.00
Videca
180,000
$106,760.5C
ALdios
190.000
$95,760.00
Workbooks
soc.Doc
$=5,967.20
Tearsheet Pads
900.00:
£0 *. 600.0€
Breakroom Posters
*50.000
$8.377.70
_Inc Stien:
'50.30
36.243 90
KH Box
.50.30:
SES.aCO.CC
Re-order Forms
. 50.000
52.834 CC
Magnets
*50.000
$2.550 CC
Reprint ci decals al 100%
=C.000
$88,217 00
TOTAL:
$1,172,740.80
PAYMENT TERMS:
NE"" DUE UPON RECEIPT
PLEASE FEM.T TO
War Kiam & Associates. Inc.
falke
Post Office Box 10888
Winston-Salern, NC 27108
APOS
$10/727-4900 *Fax: 9:0. 727-4802)
EY
3/13/96
CATE
CICHOT ACCT
ø
201
1302
TI1680-1240"
95,image_000099.jpg,"BORRISTON
LABORATORIES, INC.
Borriston Laboratories, Inc.
5050 Beech Place
Temple Hills, Maryland 20748
* INVOICE *
Telephone: 301-899-3536
Telex: 248838
June 1, 1984
LORILLARD, INC.
420 English Street
Greensboro, NC 27405
Attention: Dr. Harry Minnemeyer :selected:
REFERENCE: Purchase Order No. 342-A
BLI REF .:
217021
INVOICE NO. : 7021-1
DESCRIPTION
AMOUNT
Range-Finding Study in Albino Rats
$ 2,550.00
* A-155 (Phase I)
$ 350.00
· A-156 (Phase I)
350.00
· B-169 (Phase I)
350.00
A-160 (Phase I & II)
1,500.00
$2,550.00
OLHA. Maimenyen
6-6-84
Dept. 9590
Acct. 4111
80211524
REMITTANCE ADDRESS:
Borriston Laboratories, Inc.
DYNAMAC BUILDING
E
11140 Rockville Pike
Rockville, MD 20852
A Subsidiary of Dynamac International, Inc.
* INVOICE *"
96,image_000100.jpg,"SPENCER SPORTS
R
ECEIVE
LD
MAR : - 1997
FOUNDED 1931
547 SAW MILL RIVER ROAD
ARDSLEY, NEW YORK 10502-2113
Tel.(914) 693-7500
Fax (914) 693-4461
TO:
GARY CAPREOL
PHILIP MORRIS U.S.A.
120 PARK AVENUE
NEW YORK. NEW YORK 10017
INVOICE #ANA/PM3-97
DATE: MARCH 1, 1997
FOR:
TO BILL YOU FOR YOUR ADVERTISING PROGRAM AT
ANAHEIM STADIUM FOR THE PERIOD 4/1/97 - 3/31/98, AS
FOLLOWS:
INTERIOR ADVERTISING FEE
$185,700.00
TOTAL AMOUNT DUE THIS INVOICE:
$185,700.00 NET
10
PAYMENT DUE DATE:
M. Capul
C40 LOS-774-16-101
3/17/57
NET 30
** ADDRESS FOR REMITTANCE:
SPENCER SPORTS MEDIA, INC.
547 SAW MILL RIVER ROAD
SUITE 2-C
ARDSLEY, NEW YORK 10502
2084061508
PLEASE RETURN ONE COPY WITH YOUR REMITTANCE :selected:"
97,image_000101.jpg,"INVOICE
ORIGINAL
AMERSHAM PHARMACIA BIOTECH
amersham pharmacia biotech
800 CENTENNIAL AVE
PISCATAWAY, NJ 08855
PIVOICE NO.
INVOICE DATE
1111103
10/9/01
PAGE
YOUR F.O.#
1
PC02M00992
AMOUNT QUE
ACCOUNT NO.
UNIV OF CINCINNATI
31,783.20
306576
A/P
P O DOX 212000
ORDERED RY.
CINCINNATI CH 45221-0001
LAVINIA SIMS
513 556 2365
SHIP TO ADDRESS
UNIV OF CINCINNATI
123 EAST SHIELDS ST
252 KETTERING BLDG
DR G OAKLEY
CINCINNATI OH
45206
SALES ORDER #.
CHP DATE
F.O.B.
OUR FEDERAL LD ..
434499
10/9/01
FOB SHIP POINT
352650030
ITEM
CATALOG #
UMIE
SCE
BATCH NO,
PRODUCT DESCRIPTION
ATY.
CTY
ORDER
SHIPPED
UNIT MUCE
EXTENDED PRICE
9.000
13306201
KA
ISTAKTA-ETIC W/FRAC9SVACONT.
1
31,783.2000
31,783.20
2085532245
R
ECEIVE
D
OCT 1 6 2001
ACCOUNTS PAYABLE
TERUS ARE
NET 30 DAYS PROM INVOICE DATE
SUB-TOTAL
For Inquires: 1-800-526-3553
31,783.20
TAX
(0.00 %)
0.00
All Claims must be made within five days.
HANDLING & INSURANCE
0.00
DUE DATE: 11/8/01
Amount Due
31,783.20
REMIT TO:
AMERSHAM PHARMACIA BIOTECH
P.O. BOX 18191
NEWARK, NJ 07191-1891
MACION IN ... :unselected:"
98,image_000102.jpg,"FAIRWAY
ORIGINAL COPY
OUTDOOR DISPLAYS
PAINTED BULLETINS
FAIRWAY OUTDOOR ADVERTISING
POSTER SERVICE
1818 WOODDALE DR. - SUITE 101 . ST. PAUL - MINN - 55125
INVOICE
INVOICE NO:
3020016
INVOICE DATE:
LORILLARD MEDIA SERVICES
02/15/1993
ONE PARK AVENUE
CUSTOMER CODE
00011
NEW YORK, NY
10016-5895
CONTRACT NO:
143
SERVICE FROM
SERVICE TO
CUSTOMER P.O.
SALESPERSON
02/01/1993
02/28/1993
OH-4145
JOE CHERRY
DESCRIPTION
AMOUNT
1 PAINTED BULLETIN
P.
2,000.00
383 E. KELLOG ON LAFAYETTE BRIDGE F/S (14 X 48)
MINNEAPOLIS/ST. PAUL, MN
96422430
RECEIVED
2/25/93
FEB 2 3 1853
#4145
NATL AGENCY COMMISSION-PAINT
LORILLARD MIECIA SERVICES
PER
(333.40)
HAR
February
TOTAL AMOUNT DUE
1,666.60"
99,image_000103.jpg,"37TH TOBACCO CHEMISTS' RESEARCH CONFERENCE
Hyatt Resancy Hotel
Crystal City, Virginia
October 10-13, 1983
REGISTRATION
NAME (Lası, first, middle)
MAILING ADDRESS (Include Zip code)
01332187
Dr. A. W. Spears
2525 E. Market St.
COMPANY AFFILIATION
P. O. Box 21688
Lorillard
Greensboro, NC 27420
TOUR PROGRAM
Cost
per person
Number
of
Amount
Tuesday - October 11
Registration
Due
$ 45.00
1
$ 45.00
White House and Capitol
Banquet
30.00
2
60.00
Wednesday - October 12
TOTAL
$ 105.00
Harbor Place, Baltimore
(sightseeing and shopping)
Tours - Tuesday . . . . No charge
1
Wednesday . . No charge
1
- Please make checks payable to ""TCRC - 1983"" -
Lorillard
Nº
82577
66-55
531
A Division of Loew's Theatres, Inc.
GREENSBORO BRANCH
GREENSBORO, N. C.
July 25,
19
83
TCRC - 1983
$
105.00
PAY TO THE ORDER OF
ORILLARD
- CORP - U
I05:00
DOLLARS
Glandes
AUTHORIZED SIGNATURE
Dupa Chilena
NORTH CAROLINA NATIONAL BANK
GREENSBORO, N. C.
AUTHORIZED SIGNATURE
Registration fees & Banquet Fees for :
Dr. & Mrs. Spears
⑆053100559⑆ 020001392⑈
013321874
Dr. T. C. Tso, Chairman
37th Tobacco Chemists' Research Confere
Beltsville Agricultural Research Center
Tobacco Laboratory, Room 115, Bldg. 001
Beltsville, Maryland 20705"
